wst_oper,unit,geo\time	2018 	2017 	2016 	2015 	2014 	2013 	2012 	2011 	2010 	2009 	2008 	2007 	2006 	2005 	2004 	2003 	2002 	2001 	2000 	1999 	1998 	1997 	1996 	1995 
DSP_I,KG_HAB,AL	9 	7 	14 	12 	13 	29 	: 	: 	: 	: 	: 	: 	: 	: 	: 	: 	: 	: 	: 	: 	: 	: 	: 	: 
DSP_I,KG_HAB,AT	0 	0 	0 	0 	0 	0 	0 	0 	0 	0 	0 	0 	0 	0 	0 	0 	0 	0 	0 	0 	0 	0 	0 	0 
DSP_I,KG_HAB,BA	: 	0 	0 	0 	0 	0 	0 	0 	0 	0 	0 	: 	: 	: 	: 	: 	: 	: 	: 	: 	: 	: 	: 	: 
DSP_I,KG_HAB,BE	3 	3 	4 	3 	3 	9 	12 	13 	8 	9 	10 	5 	2 	11 	12 	16 	19 	16 	14 	13 	71 	81 	83 	92 
DSP_I,KG_HAB,BG	0 e	0 	0 	0 	0 	0 	0 	0 	0 	0 	0 	0 	0 	0 	0 	0 	0 	0 	0 	0 	0 	0 	0 	0 
DSP_I,KG_HAB,CH	0 	0 	0 	0 	0 	0 	0 	0 	0 	0 	0 	0 	0 	0 	0 	0 	0 	0 	0 	0 	0 	0 	0 	0 
DSP_I,KG_HAB,CY	: 	0 	0 	0 	0 	0 	0 	0 	0 	0 	0 	0 	0 	0 	0 	0 	0 	0 	0 	0 	0 	0 	0 	0 
DSP_I,KG_HAB,CZ	0 e	0 e	0 e	0 e	0 e	0 e	0 e	0 e	0 e	0 e	0 e	0 e	0 e	0 e	0 	0 	0 	0 s	0 s	0 s	0 	: 	: 	: 
DSP_I,KG_HAB,DE	3 e	3 	24 	48 	59 	65 	104 	128 	129 	133 	134 	143 	163 	167 	147 	136 	143 	139 s	137 s	129 s	126 s	125 s	120 s	110 s
DSP_I,KG_HAB,DK	0 	0 	0 	0 	0 	0 	0 	0 	: 	0 	0 	0 	0 	0 	0 	0 	0 	0 	0 	0 	0 	0 	0 	0 
DSP_I,KG_HAB,EE	0 	0 	0 	0 	0 	0 	0 	0 	0 	0 	0 	0 	0 	0 	0 	0 	0 	0 	0 	0 	0 	0 	0 	0 
DSP_I,KG_HAB,EL	: 	: 	: 	: 	: 	: 	0 	0 	0 	0 	0 	0 	0 	0 	0 	0 	0 	0 	0 	0 	0 	0 	: 	: 
DSP_I,KG_HAB,ES	0 	0 	0 	0 	0 	0 	0 	0 	0 	0 	0 	9 	8 	0 	0 	0 	0 	0 	0 	0 	0 	0 	0 	0 
DSP_I,KG_HAB,EU27_2007	2 s	3 s	10 	: 	13 s	13 s	18 s	23 s	26 s	31 s	32 s	33 s	36 s	37 s	34 s	32 s	34 s	33 s	: 	: 	: 	: 	: 	: 
DSP_I,KG_HAB,EU27_2020	2 s	2 s	10 	17 	13 s	14 s	20 s	27 s	30 s	35 s	36 s	37 s	41 s	41 s	38 s	36 s	38 s	37 s	37 	37 	38 	41 	37 	35 
DSP_I,KG_HAB,EU28	2 s	3 s	9 s	15 s	11 s	12 s	18 s	23 s	26 s	31 s	32 s	33 s	36 s	36 s	33 s	32 s	33 s	33 s	33 s	33 s	33 s	36 s	34 s	34 s
DSP_I,KG_HAB,FI	0 	0 	0 	0 	0 	0 	0 	0 	21 	21 	25 	14 	10 	10 	10 	10 	10 	0 	: 	: 	: 	: 	: 	: 
DSP_I,KG_HAB,FR	1 e	2 	3 e	4 	5 e	6 	6 e	7 	7 e	6 	7 e	8 	8 e	8 	10 	11 	14 	19 	24 	25 	33 	41 	44 	47 
DSP_I,KG_HAB,HR	0 	0 	0 	0 	0 	0 	0 	0 	0 	0 	0 	0 	0 	0 	0 	0 	0 	0 	0 	0 	0 	0 	: 	: 
DSP_I,KG_HAB,HU	0 	0 	0 	0 	0 	0 	0 	0 	0 	0 	0 	0 	0 	0 	0 	0 	0 	0 	0 	0 	0 	0 	0 	0 
DSP_I,KG_HAB,IE	: 	0 	0 	: 	0 	: 	0 	0 	0 	0 	0 	0 	0 	0 	0 	0 	0 	0 	0 	0 	0 	0 	0 	0 
DSP_I,KG_HAB,IS	: 	24 	23 	19 	21 	3 	6 	6 	6 	6 	0 	6 	7 	7 	7 	7 	10 	18 	39 	40 	40 	48 	48 	49 
DSP_I,KG_HAB,IT	3 	4 	33 	51 	0 	0 	0 	1 	1 	0 	1 	0 	1 	1 	1 	1 	3 	2 	3 	7 	0 	9 	0 e	3 
DSP_I,KG_HAB,LT	0 	0 	0 	0 	0 	0 	0 	1 	0 	0 	0 	0 	0 	0 	0 	0 	0 	0 	0 	0 	0 	0 	0 	0 
DSP_I,KG_HAB,LU	0 	0 	0 	0 	0 	0 	0 	0 	0 	0 	0 	0 	0 	0 	0 	0 	0 	0 	0 	0 	0 	0 	0 	0 
DSP_I,KG_HAB,LV	0 	0 	: 	: 	0 s	0 	0 	0 	0 	0 	0 	0 	0 	0 	0 	0 	0 	0 	0 	0 	0 	0 	0 	0 
DSP_I,KG_HAB,ME	0 	0 	0 	0 	0 	0 	0 	0 	: 	: 	: 	: 	: 	: 	: 	: 	: 	: 	: 	: 	: 	: 	: 	: 
DSP_I,KG_HAB,MK	: 	: 	: 	: 	: 	: 	: 	0 	: 	: 	0 	: 	: 	: 	: 	: 	: 	: 	: 	: 	: 	: 	: 	: 
DSP_I,KG_HAB,MT	0 	0 	0 	0 	0 	0 	0 	0 	0 	0 	0 	0 	0 	0 	0 	0 	0 	0 	0 	0 	0 	0 	0 	0 
DSP_I,KG_HAB,NL	5 	5 	6 	6 	6 	6 	7 	43 	110 	239 	247 	199 	199 	202 	202 	197 	194 	198 	190 	202 	198 	218 	171 	138 
DSP_I,KG_HAB,NO	0 	0 	0 	0 	0 	0 	0 	0 	0 	0 	0 	0 	0 	0 	0 	0 	0 	0 	0 	0 	0 	0 	0 	12 
DSP_I,KG_HAB,PL	5 e	5 e	4 e	3 e	10 e	5 e	1 	1 	1 	1 	1 	1 	1 	1 	1 	1 	1 	0 	0 	0 	0 	0 	0 	0 
DSP_I,KG_HAB,PT	0 	0 	0 	0 	0 	0 	0 	0 	0 	0 	0 	0 	0 	0 	0 	0 	0 	0 	0 	0 	0 	0 	0 	0 
DSP_I,KG_HAB,RO	0 	0 	0 	0 	0 	0 	0 	0 	0 	0 	0 	0 	0 	0 	0 	0 	0 	0 	0 	0 	0 	0 	0 	0 
DSP_I,KG_HAB,RS	0 	0 	0 	0 	0 	0 	0 	0 	0 	0 	0 	0 	0 	: 	: 	: 	: 	: 	: 	: 	: 	: 	: 	: 
DSP_I,KG_HAB,SE	0 	0 	0 	0 	0 	0 	0 	0 	0 	0 	0 	0 	0 	0 	0 	0 	0 	0 	0 	0 	0 	0 	0 	0 
DSP_I,KG_HAB,SI	3 	18 	9 	0 	0 	0 	1 	0 	0 	0 	0 	0 	0 	0 	0 	0 	0 	0 	0 	0 	0 	0 	0 	0 
DSP_I,KG_HAB,SK	6 	0 	0 	0 	1 	0 	1 	1 	2 	0 	0 	12 	35 	34 	13 	12 	12 	: 	: 	: 	: 	: 	: 	: 
DSP_I,KG_HAB,TR	0 	0 	0 	0 	0 	0 	0 	0 	0 	0 	0 	0 	0 	0 	0 	0 	0 	0 	0 	0 	0 	0 	0 	0 
DSP_I,KG_HAB,UK	5 	5 	5 	5 	2 	1 	1 	0 	0 	0 	0 	0 	0 	0 	0 	0 	0 	0 	0 	0 	0 	1 	11 	20 
DSP_I,THS_T,AL	26 	20 	41 	36 	38 	83 	: 	: 	: 	: 	: 	: 	: 	: 	: 	: 	: 	: 	: 	: 	: 	: 	: 	: 
DSP_I,THS_T,AT	0 	0 	0 	0 	0 	0 	0 	0 	0 	0 	0 	0 	0 	0 	0 	0 	0 	0 	0 	0 	0 	0 	0 	0 
DSP_I,THS_T,BA	0 	0 	0 	0 	0 	0 	0 	0 	0 	0 	0 	: 	: 	: 	: 	: 	: 	: 	: 	: 	: 	: 	: 	: 
DSP_I,THS_T,BE	39 	38 	48 	36 	39 	100 	138 	141 	90 	99 	103 	49 	22 	116 	120 	170 	195 	164 	147 	133 	727 	822 	842 	935 
DSP_I,THS_T,BG	0 e	0 	0 	0 	0 	0 	0 	0 	0 	0 	0 	0 	0 	0 	0 	0 	0 	0 	0 	0 	0 	0 	0 	0 
DSP_I,THS_T,CH	0 	0 	0 	0 	0 	0 	0 	0 	0 	0 	0 	0 	0 	0 	0 	0 	0 	0 	0 	0 	0 	0 	0 	0 
DSP_I,THS_T,CY	: 	0 	0 	0 	0 	0 	0 	0 	0 	0 	0 	0 	0 	0 	0 	0 	0 	0 	0 	0 	0 	0 	0 	0 
DSP_I,THS_T,CZ	5 e	5 e	4 e	4 e	4 e	3 e	3 e	3 e	2 e	2 e	2 e	2 e	2 e	1 e	1 	2 	3 	3 s	3 s	3 s	4 	: 	: 	: 
DSP_I,THS_T,DE	237 e	284 	1992 	3917 	4765 	5236 	8329 	10284 	10534 	10890 	10982 	11799 	13422 	13778 	12146 	11238 	11762 	11444 s	11300 s	10616 s	10367 s	10245 s	9802 s	8945 s
DSP_I,THS_T,DK	0 	0 	0 	0 	0 	0 	0 	0 	: 	0 	0 	0 	0 	0 	0 	0 	0 	0 	0 	0 	0 	0 	0 	0 
DSP_I,THS_T,EE	0 	0 	0 	0 	0 	0 	0 	0 	0 	0 	0 	0 	0 	0 	0 	0 	0 	0 	0 	0 	0 	0 	0 	0 
DSP_I,THS_T,EL	: 	: 	: 	: 	: 	: 	0 	0 	0 	0 	0 	0 	0 	0 	0 	0 	0 	0 	0 	0 	0 	0 	: 	: 
DSP_I,THS_T,ES	0 	0 	0 	0 	0 	0 	0 	0 	0 	0 	0 	390 	358 	0 	0 	0 	0 	0 	0 	0 	0 	0 	0 	0 
DSP_I,THS_T,EU27_2007	1209 s	1380 s	4825 	: 	6309 s	6661 s	9084 s	11680 s	13110 s	15560 s	15829 s	16241 s	17892 s	18004 s	16397 s	15513 s	16283 s	16063 s	: 	: 	: 	: 	: 	: 
DSP_I,THS_T,EU27_2020	873 s	1065 s	4507 	7486 	5613 s	6016 s	9037 s	11675 s	13105 s	15553 s	15822 s	16235 s	17885 s	17997 s	16390 s	15505 s	16276 s	16054 s	16076 	15827 	16219 	17447 	15910 	15032 
DSP_I,THS_T,EU28	1209 s	1380 s	4825 s	7792 s	5751 s	6112 s	9084 s	11680 s	13110 s	15560 s	15829 s	16241 s	17892 s	18004 s	16397 s	15513 s	16283 s	16063 s	16096 s	15835 s	16236 s	17513 s	16524 s	16192 s
DSP_I,THS_T,FI	1 	0 	0 	0 	0 	0 	0 	0 	115 	114 	131 	74 	54 	51 	51 	54 	52 	1 	: 	: 	: 	: 	: 	: 
DSP_I,THS_T,FR	92 e	155 	199 e	242 	306 e	369 	401 e	433 	424 e	415 	468 e	522 	500 e	478 	628 	679 	875 	1153 	1430 	1493 	2008 	2443 	2611 	2816 
DSP_I,THS_T,HR	0 	0 	0 	0 	0 	0 	0 	0 	0 	0 	0 	0 	0 	0 	0 	0 	0 	0 	0 	0 	0 	0 	: 	: 
DSP_I,THS_T,HU	0 	0 	0 	0 	0 	0 	0 	0 	0 	0 	0 	0 	0 	0 	0 	0 	0 	0 	0 	0 	0 	0 	0 	0 
DSP_I,THS_T,IE	: 	0 	0 	: 	0 	: 	0 	0 	1 	0 	0 	0 	0 	0 	0 	0 	0 	0 	0 	0 	0 	0 	0 	0 
DSP_I,THS_T,IS	: 	8 	8 	6 	7 	1 	2 	2 	2 	2 	0 	2 	2 	2 	2 	2 	3 	5 	11 	11 	11 	13 	13 	13 
DSP_I,THS_T,IT	180 	256 	1999 	3071 	0 	0 	0 	41 	53 	26 	31 	26 	39 	49 	50 	59 	163 	91 	171 	377 	0 	524 	0 e	193 
DSP_I,THS_T,LT	0 	0 	0 	0 	0 	0 	0 	2 	0 	0 	0 	0 	0 	0 	0 	0 	0 	0 	0 	0 	0 	0 	0 	0 
DSP_I,THS_T,LU	0 	0 	0 	0 	0 	0 	0 	0 	0 	0 	0 	0 	0 	0 	0 	0 	0 	0 	0 	0 	0 	0 	0 	0 
DSP_I,THS_T,LV	0 	0 	: 	: 	0 s	0 	0 	0 	0 	0 	0 	0 	0 	0 	0 	0 	0 	0 	0 	0 	0 	0 	0 	0 
DSP_I,THS_T,ME	0 	0 	0 	0 	0 	0 	0 	0 	: 	: 	: 	: 	: 	: 	: 	: 	: 	: 	: 	: 	: 	: 	: 	: 
DSP_I,THS_T,MK	: 	: 	: 	: 	: 	: 	: 	0 	: 	: 	0 	: 	: 	: 	: 	: 	: 	: 	: 	: 	: 	: 	: 	: 
DSP_I,THS_T,MT	0 	0 	0 	0 	0 	0 	0 	0 	0 	0 	0 	0 	0 	0 	0 	0 	0 	0 	0 	0 	0 	0 	0 	0 
DSP_I,THS_T,NL	91 	93 	94 	94 	97 	104 	110 	722 	1833 	3958 	4065 	3267 	3253 	3300 	3281 	3194 	3125 	3180 	3020 	3200 	3106 	3406 	2650 	2137 
DSP_I,THS_T,NO	0 	0 	0 	0 	0 	0 	0 	0 	0 	0 	0 	0 	0 	0 	0 	0 	0 	0 	0 	0 	0 	0 	0 	53 
DSP_I,THS_T,PL	191 e	198 e	152 e	121 e	398 e	203 e	51 	45 	39 	46 	40 	41 	45 	44 	44 	42 	36 	14 	0 	0 	0 	0 	0 	0 
DSP_I,THS_T,PT	0 	0 	0 	0 	0 	0 	0 	0 	0 	0 	0 	0 	0 	0 	0 	0 	0 	0 	0 	0 	0 	0 	0 	0 
DSP_I,THS_T,RO	0 	0 	0 	0 	0 	0 	0 	0 	0 	0 	0 	0 	0 	0 	0 	0 	0 	0 	0 	0 	0 	0 	0 	0 
DSP_I,THS_T,RS	0 	0 	0 	0 	0 	0 	0 	0 	0 	0 	0 	0 	0 	: 	: 	: 	: 	: 	: 	: 	: 	: 	: 	: 
DSP_I,THS_T,SE	0 	0 	0 	0 	0 	0 	0 	0 	0 	0 	0 	0 	0 	0 	0 	0 	0 	0 	0 	0 	0 	0 	0 	0 
DSP_I,THS_T,SI	7 	37 	19 	0 	0 	1 	1 	0 	1 	0 	0 	0 	0 	0 	0 	0 	0 	0 	0 	0 	0 	0 	0 	0 
DSP_I,THS_T,SK	30 	0 	0 	0 	4 	0 	4 	4 	12 	3 	0 	64 	190 	181 	68 	67 	65 	: 	: 	: 	: 	: 	: 	: 
DSP_I,THS_T,TR	0 	0 	0 	0 	0 	0 	0 	0 	0 	0 	0 	0 	0 	0 	0 	0 	0 	0 	0 	0 	0 	0 	0 	0 
DSP_I,THS_T,UK	336 	314 	318 	306 	137 	96 	48 	5 	6 	7 	7 	6 	7 	7 	8 	8 	7 	9 	20 	8 	17 	66 	614 	1160 
DSP_I_RCV_E,KG_HAB,AL	21 	15 s	21 s	20 s	15 s	32 s	: 	: 	: 	: 	: 	: 	: 	: 	: 	: 	: 	: 	: 	: 	: 	: 	: 	: 
DSP_I_RCV_E,KG_HAB,AT	224 	221 	212 	212 	205 	202 	201 	200 	196 	173 	163 	175 	173 	159 e	169 	73 	66 	65 	65 	57 	55 	56 	54 	54 
DSP_I_RCV_E,KG_HAB,BA	: 	0 	0 	0 	0 	0 	0 	0 	0 	0 	0 	: 	: 	: 	: 	: 	: 	: 	: 	: 	: 	: 	: 	: 
DSP_I_RCV_E,KG_HAB,BE	177 	176 	186 	182 	185 	191 	184 	182 	178 	176 	184 	186 	169 	180 	173 	174 	170 	151 	158 	147 	162 	175 	153 	161 
DSP_I_RCV_E,KG_HAB,BG	15 e	15 	15 	11 	7 	7 	0 	0 	0 	0 	0 	0 	0 	0 	0 	0 	0 	0 	0 	0 	0 	0 	0 	0 
DSP_I_RCV_E,KG_HAB,CH	334 	335 	342 	343 	339 	344 	347 	344 	351 	342 	368 	353 	354 	327 	338 	340 	348 	325 	305 	297 	279 	284 	284 	291 
DSP_I_RCV_E,KG_HAB,CY	: 	2 	0 	0 	5 	0 	0 	0 	0 	0 	0 	0 	0 	0 	0 	0 	0 	0 	0 	0 	0 	0 	0 	0 
DSP_I_RCV_E,KG_HAB,CZ	58 e	60 e	56 e	56 e	57 e	60 e	62 e	58 e	47 e	36 e	36 e	38 e	38 e	37 e	40 	39 	39 	35 	31 	30 	18 	: 	: 	: 
DSP_I_RCV_E,KG_HAB,DE	192 e	196 	197 	196 	202 	207 	214 	229 	223 	216 	210 	211 	210 	172 	152 	138 	144 	140 s	138 s	130 s	127 s	126 s	120 s	110 s
DSP_I_RCV_E,KG_HAB,DK	392 	409 	409 	416 	425 	439 	442 	469 	: 	367 e	400 	403 	393 	396 	379 	363 	374 	373 	351 	314 	312 	314 	307 	293 e
DSP_I_RCV_E,KG_HAB,EE	167 	165 	184 	185 	169 	163 	35 	0 	0 	0 	1 	1 	1 	0 	0 	0 	0 	0 	0 	0 	0 	0 	0 	0 
DSP_I_RCV_E,KG_HAB,EL	: 	5 	3 	2 	2 	3 	0 	1 	0 	0 	0 	0 	0 	0 	0 	0 	0 	0 	0 	0 	0 	0 	: 	: 
DSP_I_RCV_E,KG_HAB,ES	62 e	56 	56 	58 	52 	53 	45 	50 	44 	48 	47 	57 	54 	44 	31 	42 	38 	36 	36 	35 	37 	35 	24 	24 
DSP_I_RCV_E,KG_HAB,EU27_2007	138 s	138 s	135 s	129 s	128 s	123 s	119 s	121 s	115 s	111 s	109 s	105 s	105 s	97 s	90 s	85 s	85 s	82 s	80 s	75 s	: 	: 	: 	: 
DSP_I_RCV_E,KG_HAB,EU27_2020	131 s	131 s	129 s	125 s	126 s	125 s	122 s	125 s	116 s	117 s	116 s	112 s	111 s	103 s	95 s	90 s	90 s	87 s	84 s	79 s	77 	77 	71 	70 
DSP_I_RCV_E,KG_HAB,EU28	137 s	137 s	134 s	128 s	126 s	122 s	118 s	120 s	110 s	110 s	108 s	105 s	104 s	96 s	90 s	84 s	84 s	81 s	79 s	74 s	73 s	71 s	67 s	67 s
DSP_I_RCV_E,KG_HAB,FI	314 	299 	276 	57 	241 	209 	171 	126 	104 	87 	90 	59 	42 	43 	54 	49 	42 	41 	52 	38 	: 	: 	: 	: 
DSP_I_RCV_E,KG_HAB,FR	185 e	184 	184 e	183 	183 e	184 	186 e	188 	186 e	184 	182 e	181 	182 e	183 	180 	172 	180 	174 	169 	168 	167 	170 	170 	178 
DSP_I_RCV_E,KG_HAB,HR	0 	0 	0 	0 	1 	0 	0 	0 	0 	0 	0 	0 	0 	0 	0 	0 	: 	0 	0 	0 	0 	0 	: 	: 
DSP_I_RCV_E,KG_HAB,HU	51 	62 	56 	53 	38 	34 	37 	41 	41 	41 	39 	38 	39 	30 	15 	24 	28 	35 	34 	34 	35 	32 	32 	32 
DSP_I_RCV_E,KG_HAB,IE	: 	183 	170 	: 	192 	: 	93 	43 	24 	24 	18 	0 	0 	0 	0 	0 	0 	0 	0 	0 	0 	0 	0 	0 
DSP_I_RCV_E,KG_HAB,IS	: 	24 	25 	19 	21 	19 	28 	31 	38 	35 	41 	55 	43 	44 	51 	45 	35 	39 	60 	54 	55 	55 	56 	56 
DSP_I_RCV_E,KG_HAB,IT	95 	93 	97 	99 	97 	99 	93 	94 	92 	81 	74 	69 	71 	66 	61 	55 	47 	44 	39 	37 	34 	31 	21 e	24 
DSP_I_RCV_E,KG_HAB,LT	58 	83 	77 	52 	38 	31 	0 	2 	0 	0 	0 	0 	0 	0 	0 	0 	0 	0 	0 	0 	0 	0 	0 	0 
DSP_I_RCV_E,KG_HAB,LU	266 	266 	276 	274 	237 	243 	249 	261 	256 	262 	269 	266 	265 	254 	284 	266 	274 	274 	282 	309 	287 	298 	304 	310 
DSP_I_RCV_E,KG_HAB,LV	8 	11 	10 	8 	5 	6 	1 	0 	0 	0 	1 	2 	2 	3 	6 	5 	5 	4 	0 	0 	0 	0 	0 	0 
DSP_I_RCV_E,KG_HAB,ME	0 	0 	0 	0 	0 	0 	0 	0 	: 	: 	: 	: 	: 	: 	: 	: 	: 	: 	: 	: 	: 	: 	: 	: 
DSP_I_RCV_E,KG_HAB,MK	: 	: 	: 	: 	: 	: 	: 	0 	: 	: 	0 	: 	: 	: 	: 	: 	: 	: 	: 	: 	: 	: 	: 	: 
DSP_I_RCV_E,KG_HAB,MT	0 	0 	1 	2 	2 	1 	2 	5 	0 	0 	0 	0 	0 	0 	0 	0 	0 	0 	0 	0 	0 	0 	0 	0 
DSP_I_RCV_E,KG_HAB,NL	221 	228 	236 	245 	251 	256 	269 	280 	281 	291 	300 	199 	199 	202 	202 	197 	194 	198 	190 	202 	198 	218 	171 	138 
DSP_I_RCV_E,KG_HAB,NO	378 	396 	404 	221 	224 	285 	268 	271 	236 	195 	183 	184 	145 	142 	128 	131 	120 	107 	90 	92 	84 	83 	81 	84 
DSP_I_RCV_E,KG_HAB,PL	79 e	77 e	60 e	38 e	41 e	20 e	1 	1 	1 	1 	1 	1 	1 	1 	1 	1 	1 	0 	0 	0 	0 	0 	0 	0 
DSP_I_RCV_E,KG_HAB,PT	91 	96 	92 	91 	94 	104 	88 	103 	100 	102 	94 	90 	93 	101 	95 	96 	91 	94 	96 	0 	0 	1 	1 	0 
DSP_I_RCV_E,KG_HAB,RO	12 	12 	11 	6 	7 	5 	4 	2 	1 	0 	0 	0 	0 	0 	0 	0 	0 	0 	0 	0 	0 	0 	0 	0 
DSP_I_RCV_E,KG_HAB,RS	0 	0 	0 	0 	0 	0 	0 	0 	0 	0 	0 	0 	0 	: 	: 	: 	: 	: 	: 	: 	: 	: 	: 	: 
DSP_I_RCV_E,KG_HAB,SE	232 	239 	228 	233 	222 	233 	239 	237 	226 	234 	249 	240 	232 	242 	216 	208 	188 	169 	164 	163 	165 	150 	147 	148 
DSP_I_RCV_E,KG_HAB,SI	50 	54 e	91 e	77 e	1 	2 	5 	6 	4 	7 	7 	0 	0 	1 	8 	3 	2 	0 	0 	0 	0 	0 	0 	0 
DSP_I_RCV_E,KG_HAB,SK	34 	36 	36 	35 	35 	32 	31 	34 	34 	34 	29 	34 	35 	34 	34 	30 	29 	25 	39 	32 	33 	30 	28 	28 
DSP_I_RCV_E,KG_HAB,TR	0 	0 	0 	0 	0 	0 	0 	0 	0 	0 	0 	0 	0 	0 	0 	0 	0 	0 	0 	0 	0 	0 	0 	0 
DSP_I_RCV_E,KG_HAB,UK	181 	175 	167 	152 	128 	102 	89 	80 	66 	60 	56 	53 	54 	49 	48 	45 	45 	43 	42 	40 	37 	30 	36 	45 
DSP_I_RCV_E,THS_T,AL	62 	43 s	60 s	58 s	44 s	92 s	: 	: 	: 	: 	: 	: 	: 	: 	: 	: 	: 	: 	: 	: 	: 	: 	: 	: 
DSP_I_RCV_E,THS_T,AT	1977 	1944 	1855 	1833 	1756 	1716 	1693 	1678 	1636 	1440 	1357 	1453 	1430 	1310 e	1380 	592 	530 	521 	522 	456 	440 	445 	431 	431 
DSP_I_RCV_E,THS_T,BA	: 	0 	0 	0 	0 	0 	0 	0 	0 	0 	0 	: 	: 	: 	: 	: 	: 	: 	: 	: 	: 	: 	: 	: 
DSP_I_RCV_E,THS_T,BE	2022 	2002 	2113 	2050 	2078 	2131 	2047 	2004 	1940 	1902 	1972 	1978 	1784 	1886 	1798 	1805 	1759 	1549 	1622 	1506 	1652 	1781 	1553 	1637 
DSP_I_RCV_E,THS_T,BG	107 e	103 	109 	82 	51 	49 	0 	0 	0 	0 	0 	0 	0 	0 	0 	0 	0 	0 	0 	0 	0 	0 	0 	0 
DSP_I_RCV_E,THS_T,CH	2856 	2846 	2880 	2850 	2790 	2798 	2786 	2732 	2757 	2660 	2830 	2680 	2660 	2440 	2513 	2510 	2550 	2357 	2199 	2130 	1990 	2020 	2020 	2060 
DSP_I_RCV_E,THS_T,CY	: 	2 	0 	0 	4 	0 	0 	0 	0 	0 	0 	0 	0 	0 	0 	0 	0 	0 	0 	0 	0 	0 	0 	0 
DSP_I_RCV_E,THS_T,CZ	616 e	634 e	588 e	590 e	604 e	631 e	654 e	610 e	497 e	372 e	369 e	390 e	392 e	380 e	404 	401 	401 	357 	320 	306 	180 	: 	: 	: 
DSP_I_RCV_E,THS_T,DE	15936 e	16229 	16252 	15985 	16318 	16707 	17192 	18358 	18256 	17698 	17247 	17324 	17293 	14208 	12517 	11416 	11915 	11541 s	11386 s	10709 s	10428 s	10303 s	9857 s	9000 s
DSP_I_RCV_E,THS_T,DK	2269 	2355 	2342 	2363 	2400 	2463 	2472 	2613 	: 	2025 e	2199 	2203 	2138 	2146 	2046 	1955 	2008 	1998 	1876 	1672 	1654 	1662 	1616 	1534 e
DSP_I_RCV_E,THS_T,EE	221 	217 	242 	243 	222 	214 	47 	0 	0 	1 	1 	2 	1 	0 	0 	0 	0 	0 	0 	0 	0 	0 	0 	0 
DSP_I_RCV_E,THS_T,EL	: 	58 	27 	18 	25 	29 	0 	16 	0 	0 	0 	0 	0 	0 	0 	0 	0 	0 	0 	0 	0 	0 	: 	: 
DSP_I_RCV_E,THS_T,ES	2898 e	2589 	2589 	2685 	2394 	2492 	2112 	2342 	2044 	2241 	2170 	2591 	2383 	1915 	1343 	1765 	1567 	1488 	1462 	1431 	1506 	1390 	972 	955 
DSP_I_RCV_E,THS_T,EU27_2007	70388 s	69983 s	68591 s	65336 s	64226 s	61836 s	59520 s	60236 s	57332 s	55467 s	54350 s	52209 s	51700 s	47573 s	44237 s	41348 s	41224 s	39686 s	38541 s	36217 s	: 	: 	: 	: 
DSP_I_RCV_E,THS_T,EU27_2020	58344 s	58393 s	57637 s	55424 s	55964 s	55326 s	53823 s	55196 s	51182 s	51720 s	50902 s	48964 s	48398 s	44631 s	41336 s	38671 s	38543 s	37151 s	36085 s	33848 s	33078 	32842 	30321 	29551 
DSP_I_RCV_E,THS_T,EU28	70389 s	69984 s	68592 s	65336 s	64229 s	61837 s	59522 s	60236 s	55307 s	55467 s	54350 s	52209 s	51700 s	47573 s	44237 s	41348 s	41224 s	39686 s	38541 s	36217 s	35252 s	34572 s	32421 s	32161 s
DSP_I_RCV_E,THS_T,FI	1733 	1646 	1515 	315 	1316 	1137 	925 	678 	556 	463 	478 	310 	222 	227 	285 	256 	216 	215 	270 	196 	: 	: 	: 	: 
DSP_I_RCV_E,THS_T,FR	12370 e	12328 	12264 e	12199 	12158 e	12116 	12191 e	12265 	12058 e	11852 	11696 e	11542 	11541 e	11540 	11284 	10662 	11110 	10677 	10246 	10148 	10036 	10155 	10137 	10573 
DSP_I_RCV_E,THS_T,HR	1 	1 	1 	0 	3 	1 	2 	0 	0 	0 	0 	0 	0 	0 	0 	0 	: 	0 	0 	0 	0 	0 	: 	: 
DSP_I_RCV_E,THS_T,HU	501 	608 	554 	525 	373 	336 	364 	408 	406 	406 	393 	382 	389 	303 	155 	245 	288 	353 	348 	352 	356 	330 	330 	330 
DSP_I_RCV_E,THS_T,IE	: 	881 	811 	: 	893 	: 	427 	196 	109 	111 	82 	0 	0 	0 	0 	0 	0 	0 	0 	0 	0 	0 	0 	0 
DSP_I_RCV_E,THS_T,IS	: 	8 	8 	6 	7 	6 	9 	10 	12 	11 	13 	17 	13 	13 	15 	13 	10 	11 	17 	15 	15 	15 	15 	15 
DSP_I_RCV_E,THS_T,IT	5756 	5634 	5865 	6040 	5868 	5970 	5529 	5593 	5440 	4770 	4372 	4029 	4121 	3825 	3518 	3169 	2672 	2516 	2237 	2121 	1949 	1746 	1196 e	1362 
DSP_I_RCV_E,THS_T,LT	163 	236 	221 	150 	113 	92 	0 	7 	1 	0 	0 	0 	0 	0 	0 	0 	0 	0 	0 	0 	0 	0 	0 	0 
DSP_I_RCV_E,THS_T,LU	162 	159 	161 	156 	132 	132 	132 	135 	130 	131 	131 	128 	125 	118 	130 	120 	122 	121 	123 	133 	122 	125 	126 	127 
DSP_I_RCV_E,THS_T,LV	15 	22 	19 	15 	11 	12 	3 	0 	0 	1 	3 	3 	5 	7 	14 	11 	13 	9 	0 	0 	0 	0 	0 	0 
DSP_I_RCV_E,THS_T,ME	0 	0 	0 	0 	0 	0 	0 	0 	: 	: 	: 	: 	: 	: 	: 	: 	: 	: 	: 	: 	: 	: 	: 	: 
DSP_I_RCV_E,THS_T,MK	: 	: 	: 	: 	: 	: 	: 	0 	: 	: 	0 	: 	: 	: 	: 	: 	: 	: 	: 	: 	: 	: 	: 	: 
DSP_I_RCV_E,THS_T,MT	0 	0 	1 	1 	1 	1 	1 	2 	0 	0 	0 	0 	0 	0 	0 	0 	0 	0 	0 	0 	0 	0 	0 	0 
DSP_I_RCV_E,THS_T,NL	3812 	3901 	4027 	4151 	4238 	4303 	4515 	4678 	4675 	4809 	4936 	3267 	3253 	3300 	3281 	3194 	3125 	3180 	3020 	3200 	3106 	3406 	2650 	2137 
DSP_I_RCV_E,THS_T,NO	2006 	2088 	2113 	1145 	1148 	1446 	1346 	1341 	1154 	941 	873 	866 	675 	656 	587 	598 	543 	481 	405 	410 	374 	367 	353 	367 
DSP_I_RCV_E,THS_T,PL	3013 e	2922 e	2266 e	1439 e	1560 e	766 e	51 	45 	39 	46 	40 	41 	45 	44 	44 	42 	36 	14 	0 	0 	0 	0 	0 	0 
DSP_I_RCV_E,THS_T,PT	936 	988 	950 	941 	974 	1091 	930 	1088 	1058 	1083 	993 	948 	978 	1057 	993 	1002 	944 	973 	985 	3 	4 	7 	6 	4 
DSP_I_RCV_E,THS_T,RO	241 	227 	220 	116 	133 	97 	89 	47 	21 	0 	0 	0 	0 	0 	0 	0 	0 	0 	0 	0 	0 	0 	0 	0 
DSP_I_RCV_E,THS_T,RS	0 	0 	0 	0 	0 	0 	0 	0 	0 	0 	0 	0 	0 	: 	: 	: 	: 	: 	: 	: 	: 	: 	: 	: 
DSP_I_RCV_E,THS_T,SE	2362 	2400 	2263 	2284 	2149 	2236 	2271 	2236 	2124 	2173 	2293 	2191 	2108 	2182 	1944 	1868 	1675 	1504 	1457 	1440 	1464 	1330 	1298 	1310 
DSP_I_RCV_E,THS_T,SI	105 	111 e	188 e	158 e	2 	4 	10 	11 	9 	14 	13 	0 	1 	1 	15 	5 	5 	0 	0 	0 	0 	0 	0 	0 
DSP_I_RCV_E,THS_T,SK	187 	197 	197 	191 	190 	174 	168 	186 	183 	183 	157 	180 	190 	183 	184 	162 	156 	133 	209 	175 	180 	162 	149 	151 
DSP_I_RCV_E,THS_T,TR	0 	0 	0 	0 	0 	0 	0 	0 	0 	0 	0 	0 	0 	0 	0 	0 	0 	0 	0 	0 	0 	0 	0 	0 
DSP_I_RCV_E,THS_T,UK	12046 	11591 	10955 	9912 	8265 	6510 	5698 	5040 	4124 	3747 	3448 	3245 	3302 	2942 	2901 	2678 	2681 	2535 	2456 	2369 	2174 	1730 	2100 	2610 
DSP_L_OTH,KG_HAB,AL	353 	275 	313 	337 	270 	164 	: 	: 	: 	: 	: 	: 	: 	: 	: 	: 	: 	: 	: 	: 	: 	: 	: 	: 
DSP_L_OTH,KG_HAB,AT	13 	12 	15 	17 	23 	23 	25 	27 	18 	36 	45 	51 	59 	65 e	68 	183 	187 	192 	196 	194 	186 	189 	185 	205 
DSP_L_OTH,KG_HAB,BA	: 	270 	270 	257 	234 	233 	227 	269 	271 	261 	317 	: 	: 	: 	: 	: 	: 	: 	: 	: 	: 	: 	: 	: 
DSP_L_OTH,KG_HAB,BE	4 	4 	3 	4 	4 	4 	3 	4 	7 	15 	19 	47 	47 	56 	57 	52 	56 	74 	91 	91 	101 	123 	169 	198 
DSP_L_OTH,KG_HAB,BG	248 e	269 	260 	278 	307 	298 	318 	349 	411 	460 	448 	395 	362 	411 	401 	411 	407 	399 	400 	389 	384 	435 	478 	531 
DSP_L_OTH,KG_HAB,CH	0 	0 	0 	0 	0 	0 	0 	0 	0 	0 	0 	0 	0 	0 	0 	9 	11 	28 	54 	65 	66 	67 	69 	76 
DSP_L_OTH,KG_HAB,CY	: 	482 	481 	475 	467 	491 	522 	542 	591 	668 	675 	668 	665 	663 	662 	650 	634 	630 	609 	601 	598 	593 	588 	595 
DSP_L_OTH,KG_HAB,CZ	172 e	167 e	169 e	166 e	174 e	173 e	174 e	206 e	206 e	202 e	198 e	206 e	200 e	189 e	180 	201 	206 	215 	283 	277 	272 	318 	310 	302 
DSP_L_OTH,KG_HAB,DE	1 e	1 	1 	1 	2 	2 	1 	3 	3 	2 	3 	4 	4 	48 	104 	115 	137 	161 s	167 s	181 s	225 s	242 s	250 s	267 s
DSP_L_OTH,KG_HAB,DK	7 	7 	8 	9 	10 	12 	16 	18 	: 	24 e	32 	37 	37 	38 	31 	34 	41 	47 	66 	68 	67 	65 	82 	96 e
DSP_L_OTH,KG_HAB,EE	87 	75 	38 	26 	23 	40 	98 	180 	201 	215 	249 	291 	277 	273 	281 	271 	304 	290 	430 	409 	401 	423 	398 	368 
DSP_L_OTH,KG_HAB,EL	: 	403 	410 	409 	410 	403 	408 	412 	441 	376 	377 	362 	390 	391 	392 	396 	388 	383 	375 	361 	347 	332 	324 	312 
DSP_L_OTH,KG_HAB,ES	242 e	250 	251 	261 	259 	253 	284 	305 	318 	314 	285 	344 	353 	288 	304 	360 	355 	360 	334 	326 	313 	315 	295 	305 
DSP_L_OTH,KG_HAB,EU27_2007	108 s	111 s	115 s	124 s	132 s	143 s	154 s	170 s	184 s	193 s	200 s	213 s	219 s	223 s	239 s	255 s	269 s	278 s	288 s	289 s	290 s	299 s	297 s	303 s
DSP_L_OTH,KG_HAB,EU27_2020	116 s	118 s	120 s	126 s	132 s	141 s	153 s	167 s	178 s	186 s	190 s	199 s	202 s	199 s	212 s	227 s	239 s	248 s	260 s	261 s	264 s	274 s	274 s	284 s
DSP_L_OTH,KG_HAB,EU28	110 s	113 s	117 s	124 s	133 s	144 s	156 s	171 s	185 s	194 s	202 s	214 s	220 s	221 s	237 s	252 s	267 s	275 s	285 s	286 s	287 s	297 s	294 s	300 s
DSP_L_OTH,KG_HAB,FI	4 	5 	16 	57 	84 	124 	166 	203 	212 	221 	265 	267 	286 	282 	272 	277 	286 	284 	305 	280 	294 	281 	274 	267 
DSP_L_OTH,KG_HAB,FR	110 e	115 	119 e	122 	128 e	134 	142 e	149 	155 e	162 	174 e	186 	189 e	193 	188 	192 	205 	214 	219 	223 	230 	227 	225 	213 
DSP_L_OTH,KG_HAB,HR	286 	301 	309 	313 	309 	332 	323 	349 	358 	393 	401 	382 	283 	: 	: 	: 	: 	: 	: 	: 	: 	: 	: 	: 
DSP_L_OTH,KG_HAB,HU	189 	186 	192 	202 	221 	244 	263 	257 	284 	320 	333 	341 	377 	383 	382 	392 	378 	363 	366 	393 	383 	382 	358 	337 
DSP_L_OTH,KG_HAB,IE	: 	130 	149 	: 	115 	: 	223 	293 	328 	380 	432 	458 	463 	441 	447 	476 	500 	536 	550 	514 	476 	437 	417 	395 
DSP_L_OTH,KG_HAB,IS	: 	416 	375 	342 	354 	340 	343 	339 	346 	295 	488 	376 	385 	364 	363 	363 	358 	351 	349 	342 	336 	332 	327 	322 
DSP_L_OTH,KG_HAB,IT	107 	114 	123 	129 	154 	181 	197 	222 	253 	263 	273 	289 	300 	295 	306 	312 	329 	349 	385 	382 	365 	374 	380 	422 
DSP_L_OTH,KG_HAB,LT	114 	149 	132 	242 	255 	270 	325 	341 	348 	345 	387 	385 	370 	353 	341 	333 	325 e	337 	345 	351 	445 	422 	401 	426 
DSP_L_OTH,KG_HAB,LU	38 	40 	38 	45 	89 	88 	93 	97 	108 	102 	108 	116 	119 	126 	113 	126 	129 	131 	137 	139 	145 	144 	162 	159 
DSP_L_OTH,KG_HAB,LV	240 	267 	263 	250 	258 	259 	254 	258 	294 	324 	324 	334 	302 	251 	265 	253 	285 	269 e	252 e	237 e	223 e	208 e	194 e	184 e
DSP_L_OTH,KG_HAB,ME	464 	473 	365 	427 	398 	389 	364 	377 	: 	: 	: 	: 	: 	: 	: 	: 	: 	: 	: 	: 	: 	: 	: 	: 
DSP_L_OTH,KG_HAB,MK	301 	344 	385 	380 	370 	384 	381 	357 	351 	354 	259 	: 	: 	: 	: 	: 	: 	: 	: 	: 	: 	: 	: 	: 
DSP_L_OTH,KG_HAB,MT	550 	520 	478 	673 	502 	490 	494 	497 	545 	624 	650 	626 	540 	567 	583 	541 	515 	492 	481 	431 	413 e	387 e	362 e	335 e
DSP_L_OTH,KG_HAB,NL	7 	7 	7 	7 	8 	8 	8 	9 	9 	9 	9 	12 	14 	10 	10 	16 	50 	49 	57 	39 	53 	69 	114 	157 
DSP_L_OTH,KG_HAB,NO	23 	26 	32 	14 	12 	10 	9 	11 	28 	67 	87 	92 	84 	77 	82 	86 	93 	92 	336 	327 	416 	382 	424 	455 
DSP_L_OTH,KG_HAB,PL	137 e	132 e	140 e	155 e	159 e	184 e	212 	221 	211 	221 	229 	239 	236 	226 	241 	252 	265 	278 	313 	312 	300 	306 	295 	279 
DSP_L_OTH,KG_HAB,PT	247 	230 	212 	214 	222 	222 	247 	289 	320 	316 	334 	301 	299 	283 	290 	304 	316 	307 	313 	387 	370 	357 	335 	317 
DSP_L_OTH,KG_HAB,RO	200 	192 	181 	178 	179 	175 	171 	201 	238 	303 	316 	293 	297 	301 	276 	279 	308 	269 	295 	255 	224 	257 e	230 	254 
DSP_L_OTH,KG_HAB,RS	279 	256 	211 	192 	234 	268 	254 	289 	259 	216 	207 	168 	140 	: 	: 	: 	: 	: 	: 	: 	: 	: 	: 	: 
DSP_L_OTH,KG_HAB,SE	3 	2 	3 	4 	3 	3 	3 	3 	4 	6 	15 	20 	25 	23 	42 	64 	92 	99 	97 	104 	115 	130 	126 	136 
DSP_L_OTH,KG_HAB,SI	47 	48 	38 	102 	101 	109 	154 	234 	279 	308 	339 	341 	361 	329 	313 	348 	357 	358 	402 e	454 e	513 	491 e	465 e	456 
DSP_L_OTH,KG_HAB,SK	229 	229 	228 	226 	214 	213 	224 	230 	246 	235 	237 	225 	218 	213 	209 	218 	209 	195 e	196 	210 	206 	224 	247 	258 
DSP_L_OTH,KG_HAB,TR	347 	359 e	359 	350 e	361 	332 e	340 	355 e	340 	357 e	335 	363 e	357 	379 e	361 	379 	372 	376 	363 e	351 e	368 	359 	342 	323 
DSP_L_OTH,KG_HAB,UK	67 	77 	92 	111 	135 	164 	177 	199 	234 	257 	285 	321 	351 	374 	417 	438 	464 	473 	468 	468 	455 	460 	440 	413 
DSP_L_OTH,KG_HAB,XK	226 	228 	222 	177 	: 	: 	: 	: 	: 	: 	: 	: 	: 	: 	: 	: 	: 	: 	: 	: 	: 	: 	: 	: 
DSP_L_OTH,THS_T,AL	1013 	792 	900 	970 	779 	476 	: 	: 	: 	: 	: 	: 	: 	: 	: 	: 	: 	: 	: 	: 	: 	: 	: 	: 
DSP_L_OTH,THS_T,AT	113 	103 	132 	144 	194 	199 	207 	230 	153 	302 	373 	427 	485 	535 e	557 	1483 	1512 	1542 	1572 	1553 	1483 	1506 	1476 	1626 
DSP_L_OTH,THS_T,BA	946 	946 	947 	942 	894 	894 	873 	1034 	1042 	1002 	1220 	: 	: 	: 	: 	: 	: 	: 	: 	: 	: 	: 	: 	: 
DSP_L_OTH,THS_T,BE	46 	41 	38 	40 	46 	42 	32 	41 	81 	157 	204 	499 	492 	583 	590 	536 	575 	760 	936 	934 	1028 	1249 	1718 	2004 
DSP_L_OTH,THS_T,BG	1745 e	1903 	1851 	1994 	2217 	2167 	2323 	2568 	3041 	3421 	3359 	2980 	2751 	3144 	3092 	3194 	3188 	3198 	3271 	3197 	3167 	3614 	3996 	4467 
DSP_L_OTH,THS_T,CH	0 	0 	0 	0 	0 	0 	0 	0 	0 	0 	0 	0 	0 	0 	0 	70 	80 	203 	391 	470 	470 	480 	490 	540 
DSP_L_OTH,THS_T,CY	: 	414 	410 	403 	398 	423 	451 	461 	490 	540 	531 	512 	499 	489 	482 	467 	450 	442 	423 	413 	406 	398 	389 	387 
DSP_L_OTH,THS_T,CZ	1828 e	1765 e	1789 e	1755 e	1827 e	1815 e	1828 e	2167 e	2162 e	2114 e	2057 e	2121 e	2043 e	1934 e	1838 	2049 	2097 	2200 	2900 	2850 	2800 	3280 	3200 	3120 
DSP_L_OTH,THS_T,DE	121 e	123 	122 	104 	123 	135 	107 	247 	206 	176 	286 	299 	307 	3980 	8578 	9530 	11266 	13298 s	13692 s	14883 s	18462 s	19861 s	20515 s	21831 s
DSP_L_OTH,THS_T,DK	41 	38 	45 	51 	57 	69 	88 	100 	: 	130 e	175 	204 	203 	207 	169 	184 	218 	251 	355 	361 	357 	344 	432 	503 e
DSP_L_OTH,THS_T,EE	115 	98 	51 	35 	30 	53 	129 	239 	267 	287 	333 	390 	373 	369 	383 	371 	419 	403 	601 	569 	556 	592 	564 	529 
DSP_L_OTH,THS_T,EL	: 	4335 	4415 	4426 	4470 	4421 	4507 	4578 	4903 	4181 	4181 	3999 	4295 	4295 	4298 	4328 	4233 	4157 	4056 	3886 	3719 	3540 	3437 	3295 
DSP_L_OTH,THS_T,ES	11325 e	11658 	11658 	12129 	12023 	11801 	13263 	14276 	14789 	14540 	13091 	15569 	15657 	12584 	13068 	15174 	14723 	14726 	13559 	13157 	12577 	12606 	11758 	12134 
DSP_L_OTH,THS_T,EU27_2007	55105 s	56489 s	58302 s	62410 s	66594 s	71996 s	77295 s	84650 s	91755 s	96073 s	99331 s	105288 s	108115 s	109317 s	117050 s	124091 s	130540 s	134436 s	139049 s	139244 s	139659 s	143524 s	141945 s	144663 s
DSP_L_OTH,THS_T,EU27_2020	51813 s	52677 s	53544 s	55969 s	58639 s	62327 s	67395 s	73572 s	78477 s	81743 s	83472 s	87252 s	88001 s	86748 s	92044 s	97947 s	102994 s	106488 s	111486 s	111762 s	113052 s	116676 s	116371 s	120673 s
DSP_L_OTH,THS_T,EU28	56276 s	57732 s	59591 s	63186 s	67345 s	72860 s	78676 s	86146 s	93163 s	97763 s	101062 s	106937 s	109336 s	109317 s	117050 s	124091 s	130540 s	134436 s	139049 s	139244 s	139659 s	143524 s	141945 s	144663 s
DSP_L_OTH,THS_T,FI	22 	26 	90 	315 	458 	672 	901 	1093 	1136 	1180 	1406 	1411 	1504 	1478 	1423 	1445 	1485 	1473 	1580 	1446 	1514 	1444 	1405 	1366 
DSP_L_OTH,THS_T,FR	7382 e	7721 	7936 e	8151 	8490 e	8830 	9281 e	9731 	10078 e	10424 	11148 e	11872 	12003 e	12133 	11767 	11944 	12651 	13117 	13320 	13462 	13786 	13588 	13408 	12668 
DSP_L_OTH,THS_T,HR	1171 	1243 	1288 	1319 	1310 	1413 	1380 	1496 	1537 	1691 	1731 	1649 	1221 	: 	: 	: 	: 	: 	: 	: 	: 	: 	: 	: 
DSP_L_OTH,THS_T,HU	1851 	1825 	1888 	1991 	2181 	2415 	2609 	2563 	2838 	3212 	3341 	3429 	3792 	3859 	3857 	3968 	3841 	3696 	3736 	4024 	3936 	3928 	3693 	3481 
DSP_L_OTH,THS_T,IE	: 	623 	711 	: 	537 	: 	1028 	1344 	1496 	1724 	1939 	2015 	1981 	1833 	1819 	1904 	1967 	2071 	2093 	1930 	1767 	1604 	1518 	1426 
DSP_L_OTH,THS_T,IS	: 	143 	126 	113 	116 	110 	110 	108 	110 	94 	155 	117 	117 	108 	106 	105 	103 	100 	98 	95 	92 	90 	88 	86 
DSP_L_OTH,THS_T,IT	6486 	6927 	7432 	7819 	9332 	10914 	11720 	13206 	15015 	15538 	16069 	16912 	17462 	17117 	17641 	17883 	18745 	19912 	21917 	21745 	20768 	21275 	21623 	24000 
DSP_L_OTH,THS_T,LT	320 	421 	379 	702 	748 	798 	971 	1034 	1079 	1093 	1237 	1245 	1211 	1174 	1153 	1136 	1119 e	1169 	1209 	1236 	1578 	1510 	1445 	1546 
DSP_L_OTH,THS_T,LU	23 	24 	22 	26 	50 	48 	50 	50 	55 	51 	53 	56 	56 	58 	52 	57 	57 	58 	60 	60 	62 	60 	67 	65 
DSP_L_OTH,THS_T,LV	462 	518 	516 	494 	515 	521 	516 	531 	617 	694 	705 	735 	670 	561 	601 	579 	657 	628 e	597 e	567 e	537 e	506 e	476 e	457 e
DSP_L_OTH,THS_T,ME	289 	294 	227 	266 	247 	242 	226 	234 	: 	: 	: 	: 	: 	: 	: 	: 	: 	: 	: 	: 	: 	: 	: 	: 
DSP_L_OTH,THS_T,MK	624 	714 	797 	786 	765 	793 	786 	735 	721 	726 	531 	: 	: 	: 	: 	: 	: 	: 	: 	: 	: 	: 	: 	: 
DSP_L_OTH,THS_T,MT	266 	244 	218 	300 	218 	209 	208 	207 	226 	257 	266 	255 	219 	229 	234 	216 	204 	193 	188 	167 	159 e	148 e	137 e	126 e
DSP_L_OTH,THS_T,NL	125 	124 	127 	125 	128 	131 	138 	151 	145 	152 	154 	199 	232 	168 	159 	252 	800 	783 	900 	616 	838 	1080 	1778 	2425 
DSP_L_OTH,THS_T,NO	124 	137 	167 	74 	60 	52 	44 	56 	137 	324 	415 	432 	390 	355 	375 	393 	424 	413 	1507 	1459 	1843 	1683 	1859 	1982 
DSP_L_OTH,THS_T,PL	5191 e	5000 e	5331 e	5897 e	6031 e	6997 e	8085 	8400 	8037 	8423 	8716 	9098 	8987 	8623 	9194 	9609 	10142 	10638 	11965 	12074 	11592 	11814 	11402 	10784 
DSP_L_OTH,THS_T,PT	2539 	2369 	2185 	2221 	2307 	2320 	2593 	3048 	3381 	3342 	3530 	3170 	3143 	2969 	3044 	3178 	3290 	3176 	3224 	3951 	3761 	3607 	3371 	3183 
DSP_L_OTH,THS_T,RO	3893 	3770 	3568 	3522 	3558 	3503 	3427 	4057 	4813 	6164 	6486 	6122 	6294 	6413 	5918 	6023 	6695 	5956 	6611 	5727 	5050 	5790 e	5202 	5758 
DSP_L_OTH,THS_T,RS	1950 	1800 	1490 	1360 	1670 	1920 	1830 	2090 	1889 	1581 	1520 	1241 	1040 	: 	: 	: 	: 	: 	: 	: 	: 	: 	: 	: 
DSP_L_OTH,THS_T,SE	30 	20 	28 	35 	27 	28 	27 	33 	38 	58 	140 	186 	226 	210 	380 	575 	825 	880 	865 	920 	1020 	1150 	1110 	1200 
DSP_L_OTH,THS_T,SI	97 	99 	78 	210 	208 	224 	316 	481 	571 	628 	685 	688 	725 	659 	625 	694 	713 	712 	800 e	900 e	1017 	975 e	925 e	908 
DSP_L_OTH,THS_T,SK	1248 	1246 	1236 	1226 	1158 	1152 	1211 	1240 	1325 	1264 	1276 	1210 	1169 	1144 	1123 	1171 	1121 	1049 e	1056 	1134 	1113 	1206 	1326 	1382 
DSP_L_OTH,THS_T,TR	28237 	28837 e	28491 	27415 e	27864 	25267 e	25552 	26319 e	24904 	25700 e	23798 	25484 e	24709 	25947 e	24408 	25305 	24573 	24471 	23894 e	23257 e	24002 	22982 	21493 	19975 
DSP_L_OTH,THS_T,UK	4463 	5055 	6046 	7217 	8706 	10533 	11281 	12574 	14686 	16020 	17590 	19685 	21335 	22569 	25006 	26144 	27546 	27948 	27563 	27482 	26607 	26848 	25574 	23990 
DSP_L_OTH,THS_T,XK	407 	409 	395 	316 	: 	: 	: 	: 	: 	: 	: 	: 	: 	: 	: 	: 	: 	: 	: 	: 	: 	: 	: 	: 
GEN,KG_HAB,AL	462 	436 s	452 s	491 s	425 s	325 s	: 	: 	: 	: 	: 	: 	: 	: 	: 	: 	: 	: 	: 	: 	: 	: 	: 	: 
GEN,KG_HAB,AT	579 	570 	564 	560 	565 	578 	579 	573 	562 	590 	600 	597 	597 	575 	574 	607 	608 	576 	580 	563 	532 	532 	516 	437 
GEN,KG_HAB,BA	: 	352 	354 	340 	349 	311 	340 	340 	332 	354 	356 	: 	: 	: 	: 	: 	: 	: 	: 	: 	: 	: 	: 	: 
GEN,KG_HAB,BE	411 	411 	419 	412 	425 	436 	445 	455 	456 	467 	480 	493 	485 	482 	485 	465 	482 	467 	471 	460 	451 	457 	450 	455 
GEN,KG_HAB,BG	423 e	435 	404 	419 	442 	432 	460 	508 	554 	598 	599 	553 	577 	588 	599 	603 	602 	596 	612 	598 	591 	579 	618 	694 
GEN,KG_HAB,CH	703 	706 	720 	725 	730 	702 	694 	689 	708 	702 	736 	720 	709 	661 	660 	667 	674 	660 	656 	635 	612 	603 	603 	600 
GEN,KG_HAB,CY	: 	637 e	640 e	638 	614 	618 	657 	672 	689 	729 	728 	704 	694 	688 	684 	670 	655 	650 	628 	620 	616 	612 	605 	595 
GEN,KG_HAB,CZ	351 	344 	339 	316 	310 	307 	308 	320 	318 	317 	306 	294 	297 	289 	279 	280 	279 	274 	335 	327 	293 	318 	310 	302 
GEN,KG_HAB,DE	615 e	627 	633 	632 	631 	615 	619 	626 	602 	592 	589 	582 	564 	565 	587 	601 	640 	632 s	642 s	638 s	647 s	658 s	641 s	623 s
GEN,KG_HAB,DK	766 	782 	782 	781 	773 	778 	778 	829 	: 	762 e	830 	790 	740 	736 	695 	671 	664 	657 	664 	626 	592 	587 	618 	521 e
GEN,KG_HAB,EE	405 	390 	376 	359 	357 	293 	280 	301 	305 	339 	392 	449 	398 	433 	445 	414 	401 	366 	453 	409 	402 	424 	399 	371 
GEN,KG_HAB,EL	: 	504 	498 	488 	488 	482 	495 	503 	532 	464 	458 	453 	447 	442 	436 	431 	426 	420 	412 	396 	381 	366 	339 	303 
GEN,KG_HAB,ES	475 e	473 	463 	456 	448 	454 	468 	485 	510 	542 	551 	578 	590 	588 	600 	646 	637 	652 	653 	606 	557 	554 	530 	505 
GEN,KG_HAB,EU27_2007	489 s	488 s	488 s	481 s	479 s	479 s	487 s	499 s	505 s	512 s	521 s	525 s	523 s	517 s	514 s	515 s	527 s	522 s	523 s	511 s	497 s	499 s	485 s	473 s
GEN,KG_HAB,EU27_2020	492 s	490 s	488 s	480 s	477 s	478 s	487 s	499 s	494 s	510 s	518 s	517 s	513 s	506 s	500 s	500 s	512 s	507 s	513 s	497 s	485 s	491 s	476 s	464 s
GEN,KG_HAB,EU28	488 s	487 s	487 s	480 s	478 s	479 s	486 s	498 s	496 s	511 s	521 s	524 s	522 s	515 s	512 s	511 s	523 s	517 s	521 s	506 s	492 s	496 s	480 s	468 s
GEN,KG_HAB,FI	551 	510 	504 	500 	482 	493 	506 	505 	470 	480 	521 	506 	494 	478 	469 	466 	458 	465 	502 	484 	466 	447 	410 	413 
GEN,KG_HAB,FR	527 e	526 	521 e	516 	517 e	520 	527 e	534 	534 e	534 	538 e	542 	535 e	529 	519 	506 	530 	526 	514 	507 	507 	496 	486 	475 
GEN,KG_HAB,HR	432 	416 	403 	393 	387 	404 	391 	384 	379 	405 	415 	399 	384 	336 e	304 e	: 	: 	: 	262 e	: 	: 	224 e	: 	: 
GEN,KG_HAB,HU	381 	385 	379 	377 	385 	378 	402 	382 	403 	430 	454 	457 	468 	461 	454 	464 	457 	452 	446 	483 	485 	487 	469 	460 
GEN,KG_HAB,IE	: 	576 	581 	: 	562 	: 	585 	616 	624 	651 	718 	772 	792 	731 	737 	730 	692 	699 	599 	577 	554 	544 	522 	512 
GEN,KG_HAB,IS	: 	656 	656 	588 	535 	516 	511 	495 	484 	414 	655 	558 	563 	516 	503 	484 	476 	467 	462 	454 	449 	443 	435 	426 
GEN,KG_HAB,IT	499 	488 	497 	486 	488 	491 	504 	529 	547 	543 	552 	557 	559 	546 	540 	524 	523 	516 	509 	498 	472 	468 	457 	454 
GEN,KG_HAB,LT	464 	455 	444 	448 	433 	433 	445 	442 	404 	381 	428 	419 	405 	387 	373 	389 	405 	378 	365 	351 	445 	422 	401 	426 
GEN,KG_HAB,LU	610 e	615 	609 	607 	626 	616 	652 	666 	679 	679 	697 	695 	683 	672 	679 	678 	653 	646 	654 	646 	625 	604 	585 	587 
GEN,KG_HAB,LV	407 	411 	410 	404 	364 	350 	323 	350 	324 	352 	345 	391 	343 	320 	318 	304 	343 	305 e	271 e	256 e	248 e	255 e	265 e	264 e
GEN,KG_HAB,ME	530 	509 	518 	503 	484 	497 	494 	524 	: 	: 	: 	: 	: 	: 	: 	: 	: 	: 	: 	: 	: 	: 	: 	: 
GEN,KG_HAB,MK	301 	344 	385 	380 	370 	384 	381 	357 	351 e	354 	349 e	: 	: 	: 	: 	: 	: 	: 	: 	: 	: 	: 	: 	: 
GEN,KG_HAB,MT	640 	631 	593 	606 	591 	579 	590 	589 	601 	649 	674 	654 	624 	623 	623 	580 	541 	540 	533 	466 	459 e	436 e	412 e	387 e
GEN,KG_HAB,NL	511 	513 	520 	523 	527 	526 	549 	568 	571 	589 	600 	606 	597 	599 	599 	586 	600 	595 	598 	582 	577 	576 	551 	539 
GEN,KG_HAB,NO	739 	748 	754 	422 	423 	496 	477 	485 	469 	470 	487 	491 	459 	426 	414 	402 	392 	361 	613 	594 	645 	618 	630 	624 
GEN,KG_HAB,PL	329 	315 e	307 e	286 e	272 e	297 e	317 e	319 e	316 e	316 e	320 e	322 e	321 e	319 e	256 	260 	275 	290 	320 	319 	306 	315 	301 	285 
GEN,KG_HAB,PT	508 	487 	474 	460 	453 	440 	453 	490 	516 	520 	518 	471 	465 	452 	445 	449 	441 	454 	457 	433 	413 	397 	372 	352 
GEN,KG_HAB,RO	272 	272 	261 	247 	249 	254 	251 	259 	313 	381 e	411 e	391 e	396 e	383 e	349 e	353 e	385 e	341 e	355 e	314 	278 	326 	326 	342 
GEN,KG_HAB,RS	319 	306 	268 	259 	299 	336 	364 	375 	363 	360 	347 	280 	233 	: 	: 	: 	: 	: 	: 	: 	: 	: 	: 	: 
GEN,KG_HAB,SE	434 	452 	447 	451 	443 	455 	454 	453 	441 	472 	485 	488 	491 	479 	461 	464 	465 	439 	425 	426 	434 	416 	391 	386 
GEN,KG_HAB,SI	486 	471 	457 	449 	432 	414 	362 	415 	490 	524 	542 	525 	516 	494 	485 	418 	407 	478 	513 e	550 e	585 	589 e	591 e	596 
GEN,KG_HAB,SK	414 	378 	348 	329 	320 	304 	306 	311 	319 	307 	313 	294 	284 	273 	261 	281 	270 	239 	254 	261 	259 	274 	275 	295 
GEN,KG_HAB,TR	424 e	425 e	426 e	400 e	405 e	406 e	410 	416 e	407 	419 e	400 	433 e	434 	458 e	440 	465 	470 	476 	465 e	459 e	506 	499 	466 	441 
GEN,KG_HAB,UK	463 	468 	483 	483 	482 	482 	477 	491 	509 	522 	541 	567 	583 	581 	602 	591 	598 	591 	577 	569 	542 	532 	511 	498 
GEN,KG_HAB,XK	226 	228 	222 	178 	: 	: 	: 	: 	: 	: 	: 	: 	: 	: 	: 	: 	: 	: 	: 	: 	: 	: 	: 	: 
GEN,THS_T,AL	1325 	1254 s	1300 s	1413 s	1229 s	940 s	: 	: 	: 	: 	: 	: 	: 	: 	: 	: 	: 	: 	: 	: 	: 	: 	: 	: 
GEN,THS_T,AT	5119 	5018 	4928 	4836 	4833 	4905 	4883 	4807 	4701 	4921 	4997 	4951 	4933 	4732 	4687 	4932 	4914 	4634 	4646 	4496 	4240 	4241 	4110 	3476 
GEN,THS_T,BA	1244 	1235 	1244 	1249 	1335 	1192 	1303 	1307 	1276 	1362 	1367 	: 	: 	: 	: 	: 	: 	: 	: 	: 	: 	: 	: 	: 
GEN,THS_T,BE	4698 	4672 	4746 	4643 	4762 	4867 	4944 	5023 	4972 	5042 	5141 	5243 	5115 	5052 	5059 	4824 	4981 	4802 	4831 	4702 	4603 	4650 	4567 	4613 
GEN,THS_T,BG	2973 e	3080 	2881 	3011 	3192 	3135 	3364 	3732 	4094 	4449 	4486 	4172 	4387 	4502 	4619 	4690 	4715 	4773 	4998 	4910 	4880 	4809 	5165 	5838 
GEN,THS_T,CH	6012 	5992 	6056 	6030 	6006 	5708 	5576 	5478 	5565 	5461 	5653 	5465 	5330 	4940 	4900 	4916 	4936 	4794 	4731 	4555 	4369 	4294 	4280 	4240 
GEN,THS_T,CY	: 	547 e	545 e	541 	523 	533 	568 	572 	571 	589 	573 	540 	521 	508 	498 	481 	465 	456 	436 	426 	418 	411 	400 	387 
GEN,THS_T,CZ	3732 	3643 	3580 	3337 	3261 	3228 	3233 	3358 	3334 	3310 	3176 	3025 	3039 	2954 	2841 	2857 	2845 	2798 	3434 	3365 	3017 	3280 	3200 	3120 
GEN,THS_T,DE	51013 e	51790 	52133 	51625 	51102 	49570 	49759 	50237 	49237 	48466 	48367 	47887 	46426 	46555 	48434 	49622 	52772 	52075 s	52810 s	52373 s	53058 s	53966 s	52544 s	50894 s
GEN,THS_T,DK	4436 	4509 	4481 	4440 	4361 	4366 	4350 	4620 	: 	4206 e	4560 	4313 	4021 	3990 	3757 	3618 	3568 	3519 	3546 	3329 	3141 	3104 	3253 	2725 e
GEN,THS_T,EE	535 	514 	494 	473 	470 	386 	371 	399 	406 	452 	524 	602 	536 	587 	606 	567 	553 	509 	633 	569 	557 	593 	565 	533 
GEN,THS_T,EL	: 	5415 	5367 	5277 	5315 	5284 	5463 	5586 	5917 	5154 	5077 	5002 	4927 	4853 	4782 	4710 	4640 	4559 	4447 	4264 	4082 	3900 	3600 	3200 
GEN,THS_T,ES	22222 e	22018 	21542 	21158 	20836 	21184 	21896 	22672 	23774 	25108 	25317 	26154 	26209 	25683 	25746 	27270 	26404 	26616 	26505 	24470 	22423 	22174 	21125 	20076 
GEN,THS_T,EU27_2007	248706 s	247661 s	247054 s	243000 s	241151 s	240449 s	243544 s	249060 s	252320 s	255298 s	259115 s	259675 s	257736 s	253946 s	251496 s	251128 s	255945 s	252588 s	252855 s	246477 s	239196 s	239174 s	231928 s	225873 s
GEN,THS_T,EU27_2020	219688 s	218465 s	217024 s	213178 s	211659 s	211279 s	214801 s	219640 s	217789 s	224534 s	227480 s	226614 s	223911 s	220274 s	216685 s	215849 s	220413 s	217643 s	220073 s	213085 s	207499 s	209147 s	202178 s	196973 s
GEN,THS_T,EU28	250474 s	249377 s	248734 s	244653 s	242788 s	242170 s	245214 s	250706 s	249744 s	257042 s	260904 s	261394 s	259390 s	255395 s	252806 s	251128 s	255945 s	252588 s	254027 s	246477 s	239196 s	240189 s	231928 s	225873 s
GEN,THS_T,FI	3041 	2812 	2768 	2738 	2630 	2682 	2738 	2719 	2519 	2562 	2768 	2675 	2600 	2506 	2453 	2428 	2384 	2412 	2600 	2500 	2400 	2300 	2100 	2109 
GEN,THS_T,FR	35272 e	35188 	34766 e	34344 	34260 e	34176 	34484 e	34790 	34609 e	34426 	34501 e	34577 	33962 e	33347 	32444 	31400 	32684 	32198 	31232 	30612 	30449 	29677 	28950 	28253 
GEN,THS_T,HR	1768 	1716 	1680 	1654 	1637 	1721 	1670 	1645 	1630 	1743 	1788 	1719 	1654 	1449 e	1311 e	: 	: 	: 	1173 e	: 	: 	1015 e	: 	: 
GEN,THS_T,HU	3729 	3768 	3721 	3712 	3795 	3738 	3988 	3809 	4033 	4312 	4553 	4594 	4711 	4646 	4592 	4700 	4646 	4603 	4552 	4943 	4976 	5016 	4834 	4752 
GEN,THS_T,IE	: 	2768 	2763 	: 	2619 	: 	2693 	2823 	2846 	2953 	3224 	3398 	3385 	3041 	3001 	2918 	2720 	2704 	2279 	2168 	2057 	2000 	1898 	1848 
GEN,THS_T,IS	: 	225 	220 	195 	175 	167 	164 	158 	154 	132 	208 	174 	171 	153 	147 	140 	137 	133 	130 	126 	123 	120 	117 	114 
GEN,THS_T,IT	30165 	29572 	30112 	29524 	29652 	29573 	29994 	31386 	32440 	32107 	32461 	32536 	32516 	31668 	31150 	30035 	29864 	29409 	28959 	28364 	26846 	26605 	25960 	25780 
GEN,THS_T,LT	1301 	1286 	1272 	1300 	1270 	1280 	1330 	1339 	1253 	1206 	1369 	1354 	1326 	1287 	1260 	1328 	1395 	1313 	1276 	1236 	1578 	1510 	1445 	1546 
GEN,THS_T,LU	371 e	367 	355 	346 	348 	335 	346 	345 	344 	338 	341 	333 	323 	313 	311 	306 	291 	285 	285 	278 	266 	253 	242 	240 
GEN,THS_T,LV	785 	798 	802 	798 	726 	704 	658 	721 	680 	753 	752 	861 	760 	716 	720 	695 	793 	713 e	642 e	613 e	597 e	621 e	650 e	657 e
GEN,THS_T,ME	330 	317 	322 	313 	301 	309 	307 	325 	: 	: 	: 	: 	: 	: 	: 	: 	: 	: 	: 	: 	: 	: 	: 	: 
GEN,THS_T,MK	625 	714 	797 	786 	765 	793 	786 	735 	721 e	726 	714 e	: 	: 	: 	: 	: 	: 	: 	: 	: 	: 	: 	: 	: 
GEN,THS_T,MT	310 	295 	270 	270 	257 	247 	248 	245 	249 	268 	276 	266 	253 	252 	250 	231 	214 	212 	208 	181 	177 e	167 e	156 e	146 e
GEN,THS_T,NL	8806 	8792 	8859 	8866 	8894 	8840 	9203 	9479 	9484 	9738 	9868 	9922 	9761 	9769 	9746 	9504 	9684 	9550 	9529 	9205 	9069 	8986 	8565 	8337 
GEN,THS_T,NO	3927 	3949 	3946 	2187 	2175 	2518 	2392 	2403 	2295 	2269 	2324 	2312 	2140 	1968 	1903 	1836 	1780 	1629 	2755 	2650 	2858 	2721 	2761 	2722 
GEN,THS_T,PL	12485 	11969 e	11654 e	10863 e	10330 e	11295 e	12084 e	12129 e	12032 e	12053 e	12194 e	12264 e	12235 e	12169 e	9759 	9925 	10509 	11109 	12226 	12317 	11827 	12183 	11621 	10985 
GEN,THS_T,PT	5222 	5012 	4897 	4769 	4710 	4598 	4766 	5178 	5457 	5496 	5472 	4967 	4898 	4745 	4665 	4693 	4595 	4709 	4705 	4427 	4198 	4013 	3740 	3529 
GEN,THS_T,RO	5296 	5333 	5136 	4904 	4956 	5071 	5044 	5216 	6343 	7768 e	8439 e	8161 e	8392 e	8173 e	7483 e	7611 e	8365 e	7539 e	7961 e	7066 	6246 	7347 	7375 	7758 
GEN,THS_T,RS	2230 	2150 	1890 	1840 	2130 	2410 	2620 	2710 	2650 	2636 	2550 	2067 	1730 	: 	: 	: 	: 	: 	: 	: 	: 	: 	: 	: 
GEN,THS_T,SE	4416 	4551 	4439 	4422 	4295 	4371 	4324 	4278 	4140 	4390 	4476 	4460 	4461 	4321 	4143 	4159 	4149 	3907 	3773 	3774 	3839 	3678 	3458 	3405 
GEN,THS_T,SI	1009 	974 	943 	926 	892 	853 	744 	852 	1004 	1069 	1095 	1060 	1036 	989 	969 	834 	812 	953 	1020 e	1090 e	1159 	1170 e	1175 e	1186 
GEN,THS_T,SK	2254 	2058 	1890 	1784 	1733 	1645 	1657 	1679 	1719 	1654 	1686 	1579 	1524 	1468 	1400 	1511 	1449 	1286 	1369 	1408 	1396 	1477 	1479 	1580 
GEN,THS_T,TR	34533 e	34173 e	33763 e	31283 e	31230 e	30920 e	30786 	30862 e	29733 	30196 e	28454 	30366 e	30082 	31352 e	29736 	31081 	30999 	31031 	30617 e	30470 e	32973 	31944 	29348 	27234 
GEN,THS_T,UK	30786 	30912 	31710 	31475 	31129 	30890 	30413 	31066 	31955 	32507 	33424 	34780 	35479 	35121 	36121 	35279 	35532 	34945 	33954 	33392 	31697 	31042 	29750 	28900 
GEN,THS_T,XK	407 	409 	395 	319 	: 	: 	: 	: 	: 	: 	: 	: 	: 	: 	: 	: 	: 	: 	: 	: 	: 	: 	: 	: 
RCV_E,KG_HAB,AL	13 	8 	7 	8 	2 	3 	: 	: 	: 	: 	: 	: 	: 	: 	: 	: 	: 	: 	: 	: 	: 	: 	: 	: 
RCV_E,KG_HAB,AT	224 	221 	212 	212 	205 	202 	201 	200 	196 	173 	163 	175 	173 	159 	169 	73 	66 	65 	65 	57 	55 	56 	54 	54 
RCV_E,KG_HAB,BA	: 	0 	0 	0 	0 	0 	0 	0 	0 	0 	0 	: 	: 	: 	: 	: 	: 	: 	: 	: 	: 	: 	: 	: 
RCV_E,KG_HAB,BE	173 	173 	182 	179 	182 	182 	172 	169 	170 	167 	174 	182 	167 	169 	161 	158 	151 	135 	144 	134 	91 	94 	70 	69 
RCV_E,KG_HAB,BG	15 e	15 	15 	11 	7 	7 	0 	0 	0 	0 	0 	0 	0 	0 	0 	0 	0 	0 	0 	0 	0 	0 	0 	0 
RCV_E,KG_HAB,CH	334 	335 	342 	343 	339 	344 	347 	344 	351 	342 	368 	353 	354 	327 	338 	340 	348 	325 	305 	297 	279 	284 	284 	291 
RCV_E,KG_HAB,CY	: 	2 	0 	0 	5 	0 	0 	0 	0 	0 	0 	0 	0 	0 	0 	0 	0 	0 	0 	0 	0 	0 	0 	0 
RCV_E,KG_HAB,CZ	57 e	59 e	55 e	56 e	57 e	60 e	62 e	58 e	47 e	35 e	35 e	38 e	38 e	37 e	40 e	39 	39 	35 s	31 s	29 s	17 	: 	: 	: 
RCV_E,KG_HAB,DE	189 e	193 	173 	148 	143 	142 	110 	101 	94 	83 	76 	67 	47 	5 	4 	2 	2 	1 s	1 s	1 s	1 s	1 s	1 s	1 s
RCV_E,KG_HAB,DK	392 	409 	409 	416 	425 	439 	442 	469 	: 	367 e	400 	403 	393 	396 	379 	363 	374 	373 	351 	314 	312 	314 	307 	293 e
RCV_E,KG_HAB,EE	167 	165 	184 	185 	169 	163 	35 	0 	0 	0 	1 	1 	1 	0 	0 	0 	0 	0 	0 	0 	0 	0 	0 	0 
RCV_E,KG_HAB,EL	: 	5 	3 	2 	2 	3 	3 	1 	0 	0 	0 	0 	0 	0 	0 	0 	0 	0 	0 	0 	0 	0 	: 	: 
RCV_E,KG_HAB,ES	62 e	56 	56 	58 	52 	53 	45 	50 	44 	48 	47 	49 	46 	44 	31 	42 	38 	36 	36 	35 	37 	35 	24 	24 
RCV_E,KG_HAB,EU27_2007	136 s	135 s	126 s	116 s	116 s	111 s	101 s	97 s	89 s	80 s	78 s	: 	: 	: 	: 	: 	: 	: 	: 	: 	: 	: 	: 	: 
RCV_E,KG_HAB,EU27_2020	129 s	129 s	119 s	110 s	114 s	112 s	102 s	99 s	86 s	82 s	80 s	75 	70 	61 	58 	54 	52 	49 	47 	42 	40 	36 	34 	34 
RCV_E,KG_HAB,EU28	135 s	134 s	125 s	115 s	115 s	110 s	100 s	96 s	84 s	79 s	77 s	72 s	68 s	60 s	56 s	53 s	51 s	48 s	46 s	42 s	39 s	35 s	33 s	33 s
RCV_E,KG_HAB,FI	314 	299 	276 	239 	241 	209 	171 	126 	82 	65 	65 	45 	32 	34 	45 	39 	32 	41 	52 	38 	28 	22 	: 	: 
RCV_E,KG_HAB,FR	183 e	182 	181 e	180 	179 e	179 	180 e	182 	179 e	177 	175 e	173 	174 e	176 	170 	161 	166 	156 	145 	143 	134 	129 	126 	131 
RCV_E,KG_HAB,HR	0 	0 	0 	0 	1 	0 	0 	0 	0 	0 	0 	0 	0 	0 	0 	0 	0 	0 	0 	0 	0 	0 	: 	: 
RCV_E,KG_HAB,HU	51 	62 	56 	53 	38 	34 	37 	41 	41 	41 	39 	38 	39 	30 	15 	24 	28 	35 	34 	34 	35 	32 	32 	32 
RCV_E,KG_HAB,IE	: 	183 	170 	: 	192 	: 	93 	43 	24 	24 	18 	0 	0 	0 	0 	0 	0 	0 	0 	0 	0 	0 	0 	0 
RCV_E,KG_HAB,IS	: 	5 	2 	0 	0 	15 	22 	25 	31 	28 	41 	48 	36 	37 	45 	38 	24 	21 	21 	14 	15 	7 	7 	7 
RCV_E,KG_HAB,IT	92 	89 	64 	49 	97 	99 	93 	94 	91 	80 	74 	68 	70 	65 	60 	54 	44 	43 	36 	31 	34 	21 	21 e	21 
RCV_E,KG_HAB,LT	58 	83 	77 	52 	38 	31 	0 	2 	0 	0 	0 	0 	0 	0 	0 	0 	0 	0 	0 	0 	0 	0 	0 	0 
RCV_E,KG_HAB,LU	266 	266 	276 	274 	237 	243 	249 	261 	256 	262 	269 	266 	265 	254 	284 	266 	274 	274 	282 	309 	287 	298 	304 	310 
RCV_E,KG_HAB,LV	8 	11 	10 	8 	5 	6 	1 	0 	0 	0 	1 	2 	2 	3 	6 	5 	5 	4 	0 	0 	0 	0 	0 	0 
RCV_E,KG_HAB,ME	0 	0 	0 	0 	0 	0 	0 	0 	: 	: 	: 	: 	: 	: 	: 	: 	: 	: 	: 	: 	: 	: 	: 	: 
RCV_E,KG_HAB,MK	: 	: 	: 	: 	: 	: 	: 	0 	: 	: 	0 	: 	: 	: 	: 	: 	: 	: 	: 	: 	: 	: 	: 	: 
RCV_E,KG_HAB,MT	0 	0 	1 	2 	2 	1 	2 	4 	0 	0 	0 	0 	0 	0 	0 	0 	0 	0 	0 	0 	0 	0 	0 	0 
RCV_E,KG_HAB,NL	213 	220 	229 	239 	246 	250 	263 	237 	171 	51 	53 	: 	: 	: 	: 	: 	: 	: 	: 	: 	: 	: 	: 	: 
RCV_E,KG_HAB,NO	378 	396 	404 	221 	224 	285 	268 	271 	236 	195 	183 	184 	145 	142 	128 	131 	120 	107 	90 	92 	84 	83 	81 	72 
RCV_E,KG_HAB,PL	74 e	72 e	56 e	35 e	31 e	15 e	0 	0 	0 	0 	0 	0 	0 	0 	0 	0 	0 	0 	0 	0 	0 	0 	0 	0 
RCV_E,KG_HAB,PT	91 	96 	92 	91 	94 	104 	88 	103 	100 	102 	94 	90 	93 	101 	95 	96 	91 	94 	96 	0 	0 	1 	1 	0 
RCV_E,KG_HAB,RO	12 	12 	11 	6 	7 	5 	4 	2 	1 	0 	0 	0 	0 	0 	0 	0 	0 	0 	0 	0 	0 	0 	0 	0 
RCV_E,KG_HAB,RS	0 	0 	0 	0 	0 	0 	0 	0 	0 	0 	0 	0 	0 	: 	: 	: 	: 	: 	: 	: 	: 	: 	: 	: 
RCV_E,KG_HAB,SE	232 	239 	228 	233 	222 	233 	239 	237 	226 	234 	249 	240 	232 	242 	216 	208 	188 	169 	164 	163 	165 	150 	147 	148 
RCV_E,KG_HAB,SI	47 e	36 e	82 e	76 e	1 	2 	4 	5 	4 	7 	6 	0 	0 	1 	8 	3 	2 	0 	0 	0 	0 	0 	0 	0 
RCV_E,KG_HAB,SK	29 	36 	36 	35 	34 	32 	30 	34 	32 	33 	29 	22 	0 	0 	22 	18 	17 	: 	: 	: 	32 	29 e	: 	: 
RCV_E,KG_HAB,TR	0 	0 	0 	0 	0 	0 	0 	0 	0 	0 	0 	0 	0 	0 	0 	0 	0 	0 	0 	0 	0 	0 	0 	0 
RCV_E,KG_HAB,UK	176 	171 	162 	148 	126 	100 	89 	80 	66 	60 	56 	53 	54 	49 	48 	45 	45 	43 	41 	40 	37 	29 	26 	25 
RCV_E,THS_T,AL	37 	23 	19 	22 	6 	9 	: 	: 	: 	: 	: 	: 	: 	: 	: 	: 	: 	: 	: 	: 	: 	: 	: 	: 
RCV_E,THS_T,AT	1977 	1944 	1855 	1833 	1756 	1716 	1693 	1678 	1636 	1440 	1357 	1453 	1430 	1310 	1380 	592 	530 	521 	522 	456 	440 	445 	431 	431 
RCV_E,THS_T,BA	: 	0 	0 	0 	0 	0 	0 	0 	0 	0 	0 	: 	: 	: 	: 	: 	: 	: 	: 	: 	: 	: 	: 	: 
RCV_E,THS_T,BE	1983 	1964 	2065 	2014 	2039 	2031 	1909 	1863 	1850 	1804 	1868 	1929 	1762 	1770 	1678 	1635 	1565 	1385 	1476 	1373 	925 	959 	712 	701 
RCV_E,THS_T,BG	107 e	103 	109 	82 	51 	49 	0 	0 	0 	0 	0 	0 	0 	0 	0 	0 	0 	0 	0 	0 	0 	0 	0 	0 
RCV_E,THS_T,CH	2856 	2846 	2880 	2850 	2790 	2798 	2786 	2732 	2757 	2660 	2830 	2680 	2660 	2440 	2513 	2510 	2550 	2357 	2199 	2130 	1990 	2020 	2020 	2060 
RCV_E,THS_T,CY	: 	2 	0 	0 	4 	0 	0 	0 	0 	0 	0 	0 	0 	0 	0 	0 	0 	0 	0 	0 	0 	0 	0 	0 
RCV_E,THS_T,CZ	611 e	630 e	584 e	586 e	600 e	628 e	652 e	607 e	495 e	370 e	367 e	389 e	391 e	380 e	403 e	399 	398 	354 s	317 s	303 s	176 	: 	: 	: 
RCV_E,THS_T,DE	15699 e	15946 	14260 	12068 	11553 	11471 	8863 	8074 	7722 	6808 	6265 	5525 	3871 	430 	371 	178 	153 	97 s	86 s	93 s	61 s	58 s	55 s	55 s
RCV_E,THS_T,DK	2269 	2355 	2342 	2363 	2400 	2463 	2472 	2613 	: 	2025 e	2199 	2203 	2138 	2146 	2046 	1955 	2008 	1998 	1876 	1672 	1654 	1662 	1616 	1534 e
RCV_E,THS_T,EE	221 	217 	242 	243 	222 	214 	47 	0 	0 	1 	1 	2 	1 	0 	0 	0 	0 	0 	0 	0 	0 	0 	0 	0 
RCV_E,THS_T,EL	: 	58 	27 	18 	25 	29 	29 	16 	0 	0 	0 	0 	0 	0 	0 	0 	0 	0 	0 	0 	0 	0 	: 	: 
RCV_E,THS_T,ES	2898 e	2589 	2589 	2685 	2394 	2492 	2112 	2342 	2044 	2241 	2170 	2202 	2025 	1915 	1343 	1765 	1567 	1488 	1462 	1431 	1506 	1390 	972 	955 
RCV_E,THS_T,EU27_2007	69129 s	68575 s	63733 s	58542 s	58475 s	55725 s	50464 s	48556 s	44220 s	39906 s	38520 s	: 	: 	: 	: 	: 	: 	: 	: 	: 	: 	: 	: 	: 
RCV_E,THS_T,EU27_2020	57421 s	57298 s	53097 s	48936 s	50351 s	49312 s	44815 s	43521 s	38077 s	36166 s	35079 s	32729 	30513 	26635 	24947 	23166 	22267 	21096 	20009 	18020 	17002 	15508 	14411 	14519 
RCV_E,THS_T,EU28	69130 s	68576 s	63734 s	58542 s	58479 s	55726 s	50466 s	48556 s	42195 s	39906 s	38520 s	35968 s	33808 s	29570 s	27840 s	25835 s	24941 s	23622 s	22445 s	20381 s	19159 s	17172 s	15897 s	15969 s
RCV_E,THS_T,FI	1732 	1646 	1515 	1312 	1316 	1137 	925 	678 	441 	349 	347 	236 	168 	176 	233 	202 	164 	214 	270 	196 	143 	113 	: 	: 
RCV_E,THS_T,FR	12278 e	12173 	12065 e	11957 	11852 e	11747 	11790 e	11832 	11634 e	11437 	11228 e	11020 	11041 e	11062 	10656 	9983 	10235 	9524 	8816 	8655 	8028 	7712 	7526 	7757 
RCV_E,THS_T,HR	1 	1 	1 	0 	3 	1 	2 	0 	0 	0 	0 	0 	0 	0 	0 	0 	0 	0 	0 	0 	0 	0 	: 	: 
RCV_E,THS_T,HU	501 	608 	554 	525 	373 	336 	364 	408 	406 	406 	393 	382 	389 	303 	155 	245 	288 	353 	348 	352 	356 	330 	330 	330 
RCV_E,THS_T,IE	: 	881 	811 	: 	893 	: 	427 	196 	108 	111 	82 	0 	0 	0 	0 	0 	0 	0 	0 	0 	0 	0 	0 	0 
RCV_E,THS_T,IS	: 	2 	1 	0 	0 	5 	7 	8 	10 	9 	13 	15 	11 	11 	13 	11 	7 	6 	6 	4 	4 	2 	2 	2 
RCV_E,THS_T,IT	5576 	5378 	3866 	2969 	5868 	5970 	5529 	5552 	5387 	4744 	4341 	4003 	4082 	3776 	3468 	3110 	2509 	2425 	2066 	1744 	1949 	1222 	1196 e	1169 
RCV_E,THS_T,LT	163 	236 	221 	150 	113 	91 	0 	6 	1 	0 	0 	0 	0 	0 	0 	0 	0 	0 	0 	0 	0 	0 	0 	0 
RCV_E,THS_T,LU	162 	159 	161 	156 	132 	132 	132 	135 	130 	131 	131 	128 	125 	118 	130 	120 	122 	121 	123 	133 	122 	125 	126 	127 
RCV_E,THS_T,LV	15 	21 	19 	15 	11 	12 	3 	0 	0 	1 	3 	3 	5 	7 	14 	11 	13 	9 	0 	0 	0 	0 	0 	0 
RCV_E,THS_T,ME	0 	0 	0 	0 	0 	0 	0 	0 	: 	: 	: 	: 	: 	: 	: 	: 	: 	: 	: 	: 	: 	: 	: 	: 
RCV_E,THS_T,MK	: 	: 	: 	: 	: 	: 	: 	0 	: 	: 	0 	: 	: 	: 	: 	: 	: 	: 	: 	: 	: 	: 	: 	: 
RCV_E,THS_T,MT	0 	0 	1 	1 	1 	1 	1 	2 	0 	0 	0 	0 	0 	0 	0 	0 	0 	0 	0 	0 	0 	0 	0 	0 
RCV_E,THS_T,NL	3671 	3777 	3900 	4057 	4141 	4200 	4405 	3956 	2841 	850 	870 	: 	: 	: 	: 	: 	: 	: 	: 	: 	: 	: 	: 	: 
RCV_E,THS_T,NO	2006 	2088 	2113 	1145 	1148 	1446 	1346 	1341 	1154 	941 	873 	866 	675 	656 	587 	598 	543 	481 	405 	410 	374 	367 	353 	314 
RCV_E,THS_T,PL	2822 e	2724 e	2114 e	1318 e	1162 e	563 e	0 	0 	0 	0 	0 	0 	0 	0 	0 	0 	0 	0 	0 	0 	0 	0 	0 	0 
RCV_E,THS_T,PT	936 	988 	950 	941 	974 	1091 	930 	1088 	1058 	1083 	993 	948 	978 	1057 	993 	1002 	944 	973 	985 	3 	4 	7 	6 	4 
RCV_E,THS_T,RO	241 	227 	220 	116 	133 	97 	89 	47 	21 	0 	0 	0 	0 	0 	0 	0 	0 	0 	0 	0 	0 	0 	0 	0 
RCV_E,THS_T,RS	0 	0 	0 	0 	0 	0 	0 	0 	0 	0 	0 	0 	0 	: 	: 	: 	: 	: 	: 	: 	: 	: 	: 	: 
RCV_E,THS_T,SE	2362 	2400 	2263 	2284 	2149 	2236 	2271 	2236 	2124 	2173 	2293 	2191 	2108 	2182 	1944 	1868 	1675 	1504 	1457 	1440 	1464 	1330 	1298 	1310 
RCV_E,THS_T,SI	98 e	74 e	169 e	158 e	2 	3 	9 	11 	8 	14 	13 	0 	1 	1 	15 	5 	5 	0 	0 	0 	0 	0 	0 	0 
RCV_E,THS_T,SK	157 	197 	197 	191 	186 	174 	164 	182 	171 	180 	157 	116 	0 	2 	116 	96 	91 	: 	: 	: 	174 	154 e	: 	: 
RCV_E,THS_T,TR	0 	0 	0 	0 	0 	0 	0 	0 	0 	0 	0 	0 	0 	0 	0 	0 	0 	0 	0 	0 	0 	0 	0 	0 
RCV_E,THS_T,UK	11710 	11278 	10637 	9606 	8128 	6414 	5651 	5035 	4119 	3740 	3441 	3239 	3295 	2935 	2893 	2669 	2674 	2526 	2436 	2361 	2157 	1664 	1486 	1450 
RCY_C_D,KG_HAB,AT	187 	182 	181 	175 	175 	192 	196 	188 	182 	186 	202 	200 	201 	192 e	192 	253 e	242 e	231 e	227 	224 	219 	220 	210 	118 
RCY_C_D,KG_HAB,BA	: 	0 	0 	0 	0 	0 	0 	0 	0 	0 	0 	: 	: 	: 	: 	: 	: 	: 	: 	: 	: 	: 	: 	: 
RCY_C_D,KG_HAB,BE	82 	81 	85 	80 	87 	92 	93 	93 	97 	95 	98 	116 	113 	112 	116 	108 	106 	100 	106 	93 	83 	75 	49 	36 
RCY_C_D,KG_HAB,BG	34 e	34 	37 	43 	8 	15 	13 	11 	0 	0 	0 	0 	0 	0 	0 	0 	0 	0 	0 	0 	0 	0 	0 	0 
RCY_C_D,KG_HAB,CH	152 e	153 e	155 e	151 e	153 e	122 e	106 e	107 	118 	120 	121 	123 	118 	103 	100 	100 	99 	89 	89 	71 	70 	67 	63 	57 
RCY_C_D,KG_HAB,CY	: 	12 	25 	30 	21 	9 	8 	0 	0 	0 	0 	0 	0 	0 	0 	0 	0 	0 	0 	0 	0 	0 	0 	0 
RCY_C_D,KG_HAB,CZ	26 e	25 e	23 e	13 e	9 e	9 e	8 e	7 e	7 e	5 e	5 e	3 e	2 e	2 e	2 e	1 	1 	1 	1 	1 	0 	0 	0 	0 
RCY_C_D,KG_HAB,DE	110 e	114 	116 	114 	114 	106 	110 	106 	101 	102 	98 	94 	93 	93 	94 	88 	92 	92 s	92 s	84 s	93 s	90 s	87 s	82 s
RCY_C_D,KG_HAB,DK	128 	145 	139 	138 	130 	122 	119 	115 	: 	134 e	114 	139 	129 	122 	112 	103 	102 	90 	105 	89 	79 	82 	77 	57 e
RCY_C_D,KG_HAB,EE	15 	14 	10 	13 	17 	15 	14 	27 	24 	32 	21 	13 	17 	8 	6 	6 	3 	8 	1 	0 	1 	1 	1 	2 
RCY_C_D,KG_HAB,EL	: 	21 	17 	12 	15 	17 	16 	14 	13 	3 	9 	9 	7 	3 	0 	0 	3 	3 	3 	3 	3 	3 	: 	: 
RCY_C_D,KG_HAB,ES	84 e	72 	72 	53 	62 	77 	48 	49 	59 	97 	134 	99 	102 	100 	98 	96 	94 	67 	77 	39 	0 	0 	0 	0 
RCY_C_D,KG_HAB,EU27_2007	83 s	82 s	81 s	75 s	74 s	72 s	70 s	68 s	68 s	68 s	70 s	64 s	62 s	58 s	57 s	54 s	53 s	50 s	49 s	: 	: 	: 	: 	: 
RCY_C_D,KG_HAB,EU27_2020	84 s	81 s	80 s	74 s	73 s	71 s	69 s	66 s	64 s	67 s	69 s	64 s	61 	59 	59 	57 	57 	54 	53 	45 s	42 s	41 s	38 s	33 s
RCY_C_D,KG_HAB,EU28	83 s	81 s	80 s	75 s	74 s	72 s	70 s	67 s	66 s	68 s	69 s	64 s	61 s	58 s	57 s	53 s	53 s	50 s	48 s	39 s	37 s	36 s	33 s	29 s
RCY_C_D,KG_HAB,FI	72 	67 	65 	62 	70 	67 	60 	66 	62 	57 	44 	49 	37 	36 	36 	35 	35 	35 	38 	37 	35 	34 	31 	31 
RCY_C_D,KG_HAB,FR	100 e	97 	95 e	93 	91 e	89 	87 e	86 	85 e	85 	82 e	80 	73 e	66 	71 	66 	68 	65 	60 	53 	52 	48 	46 	43 
RCY_C_D,KG_HAB,HR	12 	9 	7 	7 	8 	7 	6 	3 	3 	3 	3 	4 	: 	: 	: 	: 	: 	: 	: 	: 	: 	0 	: 	: 
RCY_C_D,KG_HAB,HU	32 	32 	30 	23 	24 	19 	18 	18 	15 	9 	8 	6 	6 	4 	4 	5 	5 	2 	2 	2 	2 	2 	2 	2 
RCY_C_D,KG_HAB,IE	: 	51 	40 	: 	39 	: 	34 	34 	23 	19 	24 	18 	13 	12 	12 	10 	9 	6 	4 	: 	2 	: 	: 	: 
RCY_C_D,KG_HAB,IS	: 	44 	50 	44 	46 	25 	22 	25 	25 	19 	13 	: 	: 	: 	: 	10 	10 	11 	11 	7 	7 	7 	7 	7 
RCY_C_D,KG_HAB,IT	105 	98 	94 	86 	80 	72 	73 	67 	67 	59 	53 	44 	42 	38 	34 	31 	30 	30 	22 	15 	13 	11 	8 	6 
RCY_C_D,KG_HAB,LT	131 	109 	104 	46 	41 	32 	17 	8 	6 	5 	5 	7 	3 s	3 s	3 s	0 	0 	0 	0 	0 	0 	0 	0 	0 
RCY_C_D,KG_HAB,LU	136 	134 	126 	111 	121 	111 	128 	120 	133 	135 	138 	134 	121 	121 	123 	130 	101 	91 	93 	77 	70 	53 	28 	41 
RCY_C_D,KG_HAB,LV	25 	29 	42 	24 	13 	20 	6 	4 	2 	1 	3 	2 	2 	1 	3 	1 	0 	1 	0 e	0 e	0 e	0 e	0 e	0 e
RCY_C_D,KG_HAB,ME	1 	1 	: 	0 	0 	0 	0 	0 	: 	: 	: 	: 	: 	: 	: 	: 	: 	: 	: 	: 	: 	: 	: 	: 
RCY_C_D,KG_HAB,MK	: 	: 	: 	: 	: 	: 	: 	0 	: 	: 	0 	: 	: 	: 	: 	: 	: 	: 	: 	: 	: 	: 	: 	: 
RCY_C_D,KG_HAB,MT	0 	0 	0 	0 	0 	0 	12 	7 	0 	0 	0 	15 	70 	45 	32 	36 	24 	46 	50 	35 	45 e	48 e	50 e	52 e
RCY_C_D,KG_HAB,NL	147 	145 	145 	143 	143 	137 	140 	141 	139 	145 	142 	147 	142 	149 	147 	141 	147 	141 	145 	140 	144 	148 	137 	130 
RCY_C_D,KG_HAB,NO	72 	75 	77 	70 	68 	78 	66 	73 	73 	74 	72 	73 	62 	55 	48 	58 	55 	50 	53 	45 	36 	28 	19 	12 
RCY_C_D,KG_HAB,PL	27 e	22 e	21 e	17 e	15 e	6 	5 	6 	5 	4 	10 	10 	9 	8 	6 	3 	6 	8 	6 	6 	6 	10 	6 	5 
RCY_C_D,KG_HAB,PT	85 	82 	79 	72 	64 	57 	66 	42 	38 	40 	36 	30 	29 	30 	29 	27 	13 	36 	33 	36 	35 	33 	31 	30 
RCY_C_D,KG_HAB,RO	9 	18 	18 	18 	20 	23 	29 	22 	32 	0 	0 	0 	0 	0 	0 	0 	0 	0 	0 	0 	0 	0 	0 	0 
RCY_C_D,KG_HAB,RS	0 	0 	0 	0 	0 	0 	0 	0 	0 	0 	0 	0 	0 	: 	: 	: 	: 	: 	: 	: 	: 	: 	: 	: 
RCY_C_D,KG_HAB,SE	69 	70 	72 	70 	72 	69 	65 	64 	60 	60 	57 	54 	52 	50 	48 	45 	40 	44 	41 	36 	35 	31 	27 	24 
RCY_C_D,KG_HAB,SI	79 	73 	69 e	34 e	30 	28 	21 	22 	11 	10 	8 	7 	7 	8 	8 	7 	6 	6 	7 	10 	10 	8 	4 	2 
RCY_C_D,KG_HAB,SK	39 	33 	26 	24 	17 	13 	15 	13 	11 	12 	12 	12 	9 	3 	8 	7 	6 	6 	7 	7 	7 	7 e	4 s	4 s
RCY_C_D,KG_HAB,TR	2 	2 e	2 	2 e	2 	2 e	2 	4 e	3 	4 e	4 	5 e	4 	5 e	5 	5 	6 	3 	4 e	3 e	3 	3 	3 	3 
RCY_C_D,KG_HAB,UK	78 	79 	81 	78 	78 	76 	75 	78 	76 	73 	71 	65 	60 	50 	42 	28 	24 	19 	16 	: 	: 	: 	: 	: 
RCY_C_D,THS_T,AT	1651 	1601 	1584 	1511 	1492 	1627 	1650 	1578 	1520 	1553 	1683 	1661 	1661 	1577 e	1572 	2055 e	1955 e	1855 e	1818 	1792 	1744 	1752 	1674 	936 
RCY_C_D,THS_T,BA	: 	0 	0 	0 	0 	0 	0 	0 	0 	0 	0 	: 	: 	: 	: 	: 	: 	: 	: 	: 	: 	: 	: 	: 
RCY_C_D,THS_T,BE	932 	924 	966 	900 	970 	1030 	1038 	1028 	1057 	1025 	1047 	1236 	1190 	1173 	1208 	1123 	1098 	1030 	1091 	951 	850 	759 	495 	363 
RCY_C_D,THS_T,BG	240 e	238 	263 	311 	59 	107 	92 	84 	0 	0 	0 	0 	0 	0 	0 	0 	0 	0 	0 	0 	0 	0 	0 	0 
RCY_C_D,THS_T,CH	1300 e	1300 e	1300 e	1256 e	1256 e	991 e	851 e	851 	930 	930 	930 	930 	885 	770 	746 	740 	728 	650 	641 	510 	503 	475 	450 	400 
RCY_C_D,THS_T,CY	: 	10 	21 	25 	18 	8 	7 	0 	0 	0 	0 	0 	0 	0 	0 	0 	0 	0 	0 	0 	0 	0 	0 	0 
RCY_C_D,THS_T,CZ	273 e	261 e	245 e	141 e	93 e	96 e	85 e	74 e	76 e	56 e	50 e	30 e	23 e	16 e	17 e	10 	10 	9 	11 	11 	0 	0 	0 	0 
RCY_C_D,THS_T,DE	9080 e	9429 	9523 	9298 	9242 	8536 	8864 	8498 	8298 	8388 	8082 	7709 	7631 	7633 	7752 	7251 	7575 	7604 s	7588 s	6883 s	7640 s	7368 s	7129 s	6678 s
RCY_C_D,THS_T,DK	739 	834 	796 	787 	734 	687 	665 	640 	: 	741 e	627 	757 	703 	660 	608 	553 	546 	483 	560 	476 	420 	436 	405 	297 e
RCY_C_D,THS_T,EE	20 	19 	14 	17 	22 	20 	19 	35 	33 	43 	28 	17 	23 	11 	8 	8 	4 	11 	2 	0 	1 	1 	1 	3 
RCY_C_D,THS_T,EL	: 	224 	182 	135 	168 	187 	180 	160 	142 	37 	100 	98 	81 	29 	2 	0 	32 	32 	32 	32 	32 	32 	: 	: 
RCY_C_D,THS_T,ES	3942 e	3350 	3350 	2452 	2894 	3607 	2245 	2272 	2767 	4516 	6158 	4498 	4523 	4370 	4220 	4065 	3914 	2746 	3106 	1555 	0 	0 	0 	0 
RCY_C_D,THS_T,EU27_2007	42457 s	41437 s	41042 s	38103 s	37503 s	36190 s	35063 s	33843 s	33760 s	34070 s	34772 s	31862 s	30428 s	28709 s	28049 s	26124 s	25893 s	24285 s	23593 s	: 	: 	: 	: 	: 
RCY_C_D,THS_T,EU27_2020	37315 s	36269 s	35775 s	33058 s	32493 s	31326 s	30301 s	28935 s	28246 s	29516 s	30385 s	27861 s	26802 	25702 	25550 	24437 	24470 	23148 	22656 	19163 s	17977 s	17421 s	16085 s	14125 s
RCY_C_D,THS_T,EU28	42506 s	41476 s	41073 s	38131 s	37537 s	36220 s	35089 s	33857 s	33032 s	34083 s	34787 s	31877 s	30428 s	28709 s	28049 s	26124 s	25893 s	24285 s	23593 s	19163 s	17977 s	17421 s	16085 s	14125 s
RCY_C_D,THS_T,FI	400 	369 	355 	341 	382 	362 	323 	355 	332 	305 	234 	258 	197 	190 	186 	184 	181 	183 	197 	189 	182 	174 	159 	160 
RCY_C_D,THS_T,FR	6679 e	6500 	6343 e	6186 	6007 e	5828 	5719 e	5610 	5536 e	5462 	5272 e	5084 	4612 e	4141 	4423 	4069 	4208 	3994 	3621 	3180 	3104 	2886 	2752 	2531 
RCY_C_D,THS_T,HR	49 	39 	31 	28 	34 	29 	26 	14 	13 	12 	15 	15 	: 	: 	: 	: 	: 	: 	: 	: 	: 	0 	: 	: 
RCY_C_D,THS_T,HU	309 	309 	294 	231 	236 	188 	183 	184 	148 	90 	85 	64 	58 	41 	39 	47 	47 	17 	17 	18 	18 	19 	18 	18 
RCY_C_D,THS_T,IE	: 	246 	190 	: 	180 	: 	156 	157 	107 	88 	107 	79 	55 	48 	50 	40 	34 	22 	17 	: 	6 	: 	: 	: 
RCY_C_D,THS_T,IS	: 	15 	17 	15 	15 	8 	7 	8 	8 	6 	4 	: 	: 	: 	: 	3 	3 	3 	3 	2 	2 	2 	2 	2 
RCY_C_D,THS_T,IT	6334 	5903 	5721 	5203 	4865 	4319 	4339 	3980 	3943 	3490 	3106 	2599 	2433 	2185 	1958 	1796 	1696 	1727 	1237 	841 	723 	604 	465 	315 
RCY_C_D,THS_T,LT	368 	308 	299 	132 	119 	95 	51 	23 	19 	16 	15 	22 	11 s	10 s	10 s	0 	0 	0 	0 	0 	0 	0 	0 	0 
RCY_C_D,THS_T,LU	82 	80 	73 	63 	67 	61 	68 	62 	67 	67 	68 	64 	57 	56 	57 	59 	45 	40 	41 	33 	30 	22 	12 	17 
RCY_C_D,THS_T,LV	48 	57 	81 	47 	26 	40 	13 	8 	4 	2 	5 	5 	5 	1 	8 	2 	0 	3 	0 e	0 e	0 e	0 e	0 e	0 e
RCY_C_D,THS_T,ME	1 	0 	: 	0 	0 	0 	0 	0 	: 	: 	: 	: 	: 	: 	: 	: 	: 	: 	: 	: 	: 	: 	: 	: 
RCY_C_D,THS_T,MK	: 	: 	: 	: 	: 	: 	: 	0 	: 	: 	0 	: 	: 	: 	: 	: 	: 	: 	: 	: 	: 	: 	: 	: 
RCY_C_D,THS_T,MT	0 	0 	0 	0 	0 	0 	5 	3 	0 	0 	0 	6 	28 	18 	13 	14 	10 	18 	20 	13 	17 e	18 e	19 e	20 e
RCY_C_D,THS_T,NL	2540 	2486 	2463 	2414 	2415 	2294 	2353 	2360 	2310 	2393 	2330 	2401 	2317 	2424 	2387 	2293 	2366 	2261 	2303 	2209 	2269 	2313 	2121 	2013 
RCY_C_D,THS_T,NO	382 	395 	404 	365 	351 	397 	333 	361 	358 	356 	343 	344 	289 	255 	220 	264 	248 	226 	237 	202 	158 	124 	82 	51 
RCY_C_D,THS_T,PL	1012 e	848 e	814 e	661 e	560 e	212 	202 	210 	181 	164 	386 	363 	358 	318 	234 	129 	215 	309 	248 	225 	222 	369 	219 	201 
RCY_C_D,THS_T,PT	872 	845 	814 	745 	665 	593 	694 	447 	399 	424 	382 	321 	302 	313 	308 	286 	135 	370 	339 	364 	351 	332 	311 	302 
RCY_C_D,THS_T,RO	181 	353 	352 	365 	391 	455 	580 	436 	650 	4 	3 	2 	0 	0 	0 	0 	0 	0 	0 	0 	0 	0 	0 	0 
RCY_C_D,THS_T,RS	0 	0 	0 	0 	0 	0 	0 	0 	0 	0 	0 	0 	0 	: 	: 	: 	: 	: 	: 	: 	: 	: 	: 	: 
RCY_C_D,THS_T,SE	704 	704 	715 	684 	699 	663 	621 	602 	564 	555 	522 	491 	470 	454 	434 	403 	354 	388 	360 	320 	309 	275 	240 	210 
RCY_C_D,THS_T,SI	165 	151 	144 e	71 e	62 	58 	42 	45 	22 	20 	17 	15 	15 	15 	15 	13 	11 	12 	14 	19 	21 	16 	8 	3 
RCY_C_D,THS_T,SK	215 	181 	143 	130 	91 	69 	81 	69 	59 	64 	64 	65 	48 	16 	41 	37 	35 	34 	36 	39 	38 	39 e	19 s	20 s
RCY_C_D,THS_T,TR	123 	148 e	146 	154 e	126 	160 e	155 	291 e	194 	315 e	276 	334 e	255 	339 e	351 	326 	383 	218 	239 e	225 e	166 	180 	179 	159 
RCY_C_D,THS_T,UK	5191 	5207 	5299 	5073 	5044 	4894 	4788 	4922 	4786 	4566 	4402 	4016 	3626 	3007 	2499 	1687 	1423 	1137 	937 	: 	: 	: 	: 	: 
RCY_M,KG_HAB,AL	85 	76 	78 	89 	92 	78 	: 	: 	: 	: 	: 	: 	: 	: 	: 	: 	: 	: 	: 	: 	: 	: 	: 	: 
RCY_M,KG_HAB,AT	147 	147 	144 	144 	144 	142 	139 	137 	152 	179 	177 	159 	152 	143 	137 	137 e	138 e	140 e	141 	133 	124 	118 	110 	103 
RCY_M,KG_HAB,BA	: 	0 	0 	0 	0 	0 	0 	0 	0 	0 	0 	: 	: 	: 	: 	: 	: 	: 	: 	: 	: 	: 	: 	: 
RCY_M,KG_HAB,BE	143 	140 	139 	140 	142 	138 	144 	154 	153 	157 	155 	164 	160 	156 	144 	138 	142 	135 	128 	119 	106 	83 	65 	51 
RCY_M,KG_HAB,BG	118 e	117 	92 	80 	94 	108 	103 	122 	136 	119 e	116 e	114 e	110 e	107 e	103 e	100 e	98 e	96 e	95 e	94 e	94 e	0 	0 	0 
RCY_M,KG_HAB,CH	217 	217 	224 	231 	238 	236 	241 	238 	239 	241 	246 	245 	237 	232 	221 	216 	216 	218 	208 	201 	197 	189 	185 	175 
RCY_M,KG_HAB,CY	: 	91 e	86 e	85 	82 	81 	81 	85 	74 	61 	54 	36 	29 	25 	23 	21 	21 	20 	19 	19 	18 	19 	17 	0 
RCY_M,KG_HAB,CZ	95 e	93 e	91 e	81 e	70 e	65 e	63 e	47 e	43 e	34 e	27 e	27 e	20 e	16 e	14 e	2 	2 	1 	2 	2 	2 	0 	0 	0 
RCY_M,KG_HAB,DE	305 e	307 	309 	308 	300 	286 	293 	288 	275 	271 	277 	274 	257 	251 	237 	260 	267 	238 s	245 s	242 s	201 s	200 s	184 s	164 s
RCY_M,KG_HAB,DK	240 	222 	227 	218 	207 	204 	201 	227 	: 	237 e	284 	210 	180 	180 	173 	172 	148 	147 	141 	154 	134 	125 	152 	75 e
RCY_M,KG_HAB,EE	98 	96 	95 	89 	95 	37 	40 	44 	31 	39 	58 	91 	52 	90 	104 	56 	8 	11 	9 	0 	0 	0 	0 	0 
RCY_M,KG_HAB,EL	: 	74 	69 	65 	60 	59 	68 	75 	78 	84 	72 	82 	50 	49 	44 	35 	34 	34 	33 	32 	31 	31 	: 	: 
RCY_M,KG_HAB,ES	87 e	85 	85 	84 	76 	70 	91 	81 	90 	82 	85 	77 	82 	84 	87 	89 	92 	72 	44 	48 	51 	46 	41 	36 
RCY_M,KG_HAB,EU27_2007	147 s	145 s	144 s	140 s	134 s	129 s	131 s	129 s	127 s	125 s	122 s	120 s	111 s	106 s	100 s	98 s	96 s	88 s	83 s	83 s	72 s	66 s	59 s	53 s
RCY_M,KG_HAB,EU27_2020	150 s	147 s	145 s	141 s	134 s	127 s	130 s	128 s	122 s	123 s	120 s	119 s	109 s	105 s	100 s	100 s	100 s	92 s	87 s	85 s	75 s	69 s	62 s	54 s
RCY_M,KG_HAB,EU28	147 s	144 s	143 s	140 s	133 s	128 s	130 s	128 s	123 s	124 s	121 s	119 s	110 s	105 s	99 s	97 s	95 s	88 s	83 s	82 s	72 s	66 s	59 s	52 s
RCY_M,KG_HAB,FI	161 	140 	147 	141 	87 	94 	109 	110 	92 	115 	134 	131 	129 	124 	122 	121 	119 	121 	131 	126 	121 	116 	107 	107 
RCY_M,KG_HAB,FR	132 e	129 	123 e	117 	115 e	113 	111 e	110 	107 e	104 	99 e	95 	92 e	88 	79 	76 	76 	72 	67 	63 	59 	51 	44 	42 
RCY_M,KG_HAB,HR	97 	89 	77 	64 	56 	54 	51 	29 	12 	7 	8 	9 	: 	: 	: 	: 	: 	: 	: 	: 	: 	0 	: 	: 
RCY_M,KG_HAB,HU	111 	103 	102 	98 	94 	81 	84 	66 	64 	57 	60 	49 	43 	40 	50 	12 	7 	6 	6 	6 	6 	6 	6 	6 
RCY_M,KG_HAB,IE	: 	181 	197 	: 	185 	: 	180 	188 	200 	199 	218 	246 	249 	216 	205 	163 	118 	73 	67 	55 	43 	41 	36 	34 
RCY_M,KG_HAB,IS	: 	125 	167 	122 	113 	130 	122 	100 	75 	66 	113 	: 	: 	: 	79 	69 	66 	63 	60 	50 	40 	30 	33 	26 
RCY_M,KG_HAB,IT	144 	136 	133 	129 	123 	122 	121 	120 	103 	102 	79 	95 	66 	64 	61 	54 	48 	62 	51 	46 	39 	33 	21 	16 
RCY_M,KG_HAB,LT	113 	110 	109 	103 	91 	88 	87 	81 	14 	27 	31 	25 	4 s	4 s	4 s	0 	0 	0 	0 	0 	0 	0 	0 	0 
RCY_M,KG_HAB,LU	171 e	175 	169 	177 	178 	174 	182 	188 	183 	179 	182 	179 	178 	172 	158 	156 	149 	150 	141 	121 	124 	109 	90 	77 
RCY_M,KG_HAB,LV	78 	73 	62 	92 	85 	71 	41 	30 	28 	26 	20 	17 	13 	12 	11 	6 	1 	0 	0 e	0 e	0 e	0 e	0 e	0 e
RCY_M,KG_HAB,ME	27 	18 	20 	22 	24 	16 	12 	5 	: 	: 	: 	: 	: 	: 	: 	: 	: 	: 	: 	: 	: 	: 	: 	: 
RCY_M,KG_HAB,MK	: 	: 	: 	: 	: 	: 	: 	0 	: 	: 	0 	: 	: 	: 	: 	: 	: 	: 	: 	: 	: 	: 	: 	: 
RCY_M,KG_HAB,MT	42 	44 	41 	40 	44 	48 	45 	46 	32 	25 	24 	13 	15 	11 	8 	3 	2 	2 	2 	1 	1 e	1 e	0 e	0 e
RCY_M,KG_HAB,NL	138 	135 	134 	128 	125 	126 	131 	137 	142 	144 	149 	146 	137 	131 	134 	126 	125 	119 	119 	115 	109 	103 	93 	84 
RCY_M,KG_HAB,NO	229 	216 	211 	110 	110 	116 	124 	121 	125 	128 	140 	136 	123 	112 	103 	126 	123 	110 	135 	130 	109 	124 	107 	74 
RCY_M,KG_HAB,PL	86 e	84 e	85 e	75 e	57 e	39 	33 	31 	47 	37 	23 	15 	13 	10 	6 	4 	3 	4 	0 	0 	0 	0 	0 	0 
RCY_M,KG_HAB,PT	62 	56 	68 	65 	74 	57 	52 	56 	59 	61 	54 	50 	45 	39 	30 	22 	20 	18 	15 	11 	8 	7 	5 	4 
RCY_M,KG_HAB,RO	21 	20 	17 	14 	13 	11 	8 	9 	8 	4 	4 	2 	2 	7 	4 	1 	8 	6 	0 	0 	0 	0 	0 	0 
RCY_M,KG_HAB,RS	1 	1 	1 	2 	2 	3 	0 	0 	0 	0 	0 	0 	0 	: 	: 	: 	: 	: 	: 	: 	: 	: 	: 	: 
RCY_M,KG_HAB,SE	130 	142 	145 	145 	146 	150 	148 	149 	151 	173 	165 	174 	183 	163 	154 	147 	145 	128 	123 	124 	118 	104 	92 	78 
RCY_M,KG_HAB,SI	207 e	199 e	184 e	208 e	126 	116 	131 	126 	99 	93 	94 	107 	72 	84 	91 	46 	31 	7 	24 s	25 s	45 	27 s	27 s	11 
RCY_M,KG_HAB,SK	111 	80 	54 	25 	16 	20 	26 	21 	18 	13 	11 	7 	3 	3 	8 	9 	6 	7 	6 	5 	5 	6 e	4 s	4 s
RCY_M,KG_HAB,TR	47 	37 e	37 	: 	: 	: 	: 	: 	: 	: 	: 	: 	: 	: 	: 	: 	: 	: 	: 	: 	: 	: 	: 	: 
RCY_M,KG_HAB,UK	126 	126 	132 	131 	131 	132 	128 	129 	129 	127 	126 	125 	117 	105 	94 	79 	63 	54 	48 	58 	47 	39 	33 	35 
RCY_M,THS_T,AL	245 	218 	224 	258 	265 	226 	: 	: 	: 	: 	: 	: 	: 	: 	: 	: 	: 	: 	: 	: 	: 	: 	: 	: 
RCY_M,THS_T,AT	1301 	1296 	1254 	1241 	1231 	1202 	1168 	1146 	1272 	1492 	1476 	1318 	1259 	1180 	1116 	1110 e	1115 e	1125 e	1129 	1061 	987 	941 	879 	820 
RCY_M,THS_T,BA	: 	0 	0 	0 	0 	0 	0 	0 	0 	0 	0 	: 	: 	: 	: 	: 	: 	: 	: 	: 	: 	: 	: 	: 
RCY_M,THS_T,BE	1632 	1593 	1575 	1584 	1590 	1539 	1600 	1704 	1669 	1694 	1660 	1741 	1683 	1638 	1500 	1430 	1469 	1391 	1309 	1218 	1077 	840 	655 	519 
RCY_M,THS_T,BG	830 e	827 	654 	573 	677 	787 	749 	895 	1003 	887 e	871 e	858 e	839 e	822 e	793 e	774 e	770 e	770 e	775 e	769 e	776 e	0 	0 	0 
RCY_M,THS_T,CH	1856 	1846 	1880 	1924 	1960 	1919 	1939 	1895 	1878 	1871 	1893 	1855 	1785 	1730 	1640 	1596 	1578 	1584 	1500 	1445 	1406 	1349 	1315 	1240 
RCY_M,THS_T,CY	: 	78 e	73 e	72 	70 	70 	70 	72 	61 	49 	42 	28 	22 	19 	16 	15 	15 	14 	13 	13 	12 	13 	11 	0 
RCY_M,THS_T,CZ	1015 e	982 e	958 e	851 e	736 e	686 e	665 e	496 e	452 e	353 e	280 e	276 e	201 e	166 e	138 e	16 	16 	15 	19 	18 	17 	0 	0 	0 
RCY_M,THS_T,DE	25275 e	25355 	25435 	25155 	24302 	23094 	23596 	23135 	22476 	22204 	22752 	22555 	21195 	20734 	19587 	21425 	22015 	19632 s	20144 s	19898 s	16528 s	16433 s	15043 s	13384 s
RCY_M,THS_T,DK	1388 	1282 	1298 	1239 	1170 	1148 	1124 	1267 	: 	1310 e	1559 	1149 	977 	977 	934 	926 	796 	787 	755 	820 	710 	662 	800 	391 e
RCY_M,THS_T,EE	130 	127 	125 	117 	125 	49 	52 	58 	41 	52 	78 	122 	70 	121 	142 	77 	11 	15 	13 	0 	0 	0 	0 	0 
RCY_M,THS_T,EL	: 	798 	743 	698 	652 	647 	747 	832 	872 	936 	797 	905 	551 	543 	481 	382 	375 	370 	359 	346 	331 	328 	: 	: 
RCY_M,THS_T,ES	4057 e	3945 	3945 	3892 	3526 	3284 	4277 	3782 	4175 	3811 	3898 	3496 	3646 	3685 	3730 	3770 	3811 	2956 	1778 	1920 	2067 	1860 	1640 	1415 
RCY_M,THS_T,EU27_2007	74884 s	73444 s	72962 s	70837 s	67518 s	64572 s	65372 s	64396 s	63332 s	62140 s	60498 s	59596 s	54541 s	52257 s	49104 s	47821 s	46700 s	42777 s	40354 s	39990 s	34895 s	31803 s	28281 s	25116 s
RCY_M,THS_T,EU27_2020	66897 s	65486 s	64645 s	62549 s	59288 s	56340 s	57418 s	56385 s	54006 s	54278 s	52757 s	51955 s	47434 s	45895 s	43447 s	43123 s	42967 s	39596 s	37518 s	36569 s	32132 s	29538 s	26359 s	23096 s
RCY_M,THS_T,EU28	75283 s	73810 s	73285 s	71107 s	67754 s	64799 s	65591 s	64519 s	62075 s	62169 s	60532 s	59635 s	54541 s	52257 s	49104 s	47821 s	46700 s	42777 s	40354 s	39990 s	34895 s	31803 s	28281 s	25116 s
RCY_M,THS_T,FI	886 	771 	808 	770 	474 	510 	589 	592 	495 	615 	715 	695 	677 	652 	639 	632 	621 	628 	677 	651 	625 	599 	547 	549 
RCY_M,THS_T,FR	8843 e	8639 	8224 e	7808 	7605 e	7402 	7293 e	7184 	6937 e	6688 	6385 e	6079 	5806 e	5533 	4970 	4725 	4715 	4410 	4045 	3822 	3523 	3048 	2653 	2481 
RCY_M,THS_T,HR	398 	366 	322 	270 	236 	228 	220 	123 	53 	28 	35 	39 	: 	: 	: 	: 	: 	: 	: 	: 	: 	0 	: 	: 
RCY_M,THS_T,HU	1085 	1010 	998 	963 	923 	799 	832 	654 	641 	576 	607 	490 	432 	403 	501 	117 	67 	57 	56 	61 	62 	62 	60 	59 
RCY_M,THS_T,IE	: 	872 	935 	: 	863 	: 	829 	861 	910 	902 	977 	1081 	1064 	898 	835 	650 	463 	284 	254 	205 	161 	150 	130 	124 
RCY_M,THS_T,IS	: 	43 	56 	40 	37 	42 	39 	32 	24 	21 	36 	: 	: 	: 	23 	20 	19 	18 	17 	14 	11 	8 	9 	7 
RCY_M,THS_T,IT	8675 	8218 	8093 	7864 	7472 	7335 	7177 	7149 	6107 	6042 	4631 	5536 	3813 	3683 	3509 	3108 	2727 	3513 	2888 	2595 	2235 	1874 	1199 	930 
RCY_M,THS_T,LT	315 	311 	312 	298 	268 	261 	261 	244 	43 	87 	101 	80 	14 s	14 s	14 s	0 	0 	0 	0 	0 	0 	0 	0 	0 
RCY_M,THS_T,LU	104 e	105 	98 	101 	99 	95 	96 	98 	93 	89 	89 	86 	84 	80 	72 	71 	66 	66 	62 	52 	52 	46 	37 	31 
RCY_M,THS_T,LV	150 	141 	121 	182 	170 	142 	84 	62 	60 	56 	43 	38 	29 	26 	25 	14 	3 	0 	0 e	0 e	0 e	0 e	0 e	0 e
RCY_M,THS_T,ME	17 	11 	12 	14 	15 	10 	8 	3 	: 	: 	: 	: 	: 	: 	: 	: 	: 	: 	: 	: 	: 	: 	: 	: 
RCY_M,THS_T,MK	: 	: 	: 	: 	: 	: 	: 	0 	: 	: 	0 	: 	: 	: 	: 	: 	: 	: 	: 	: 	: 	: 	: 	: 
RCY_M,THS_T,MT	20 	21 	19 	18 	19 	21 	19 	19 	13 	10 	10 	5 	6 	4 	3 	1 	1 	1 	1 	0 	0 e	0 e	0 e	0 e
RCY_M,THS_T,NL	2379 	2311 	2275 	2176 	2112 	2112 	2196 	2291 	2354 	2384 	2450 	2388 	2247 	2142 	2183 	2039 	2022 	1917 	1899 	1822 	1710 	1604 	1437 	1295 
RCY_M,THS_T,NO	1217 	1138 	1105 	572 	567 	590 	620 	598 	609 	620 	670 	642 	574 	519 	475 	576 	560 	496 	606 	579 	482 	548 	467 	322 
RCY_M,THS_T,PL	3269 e	3199 e	3243 e	2867 e	2180 e	1499 	1244 	1173 	1783 	1421 	895 	580 	487 	367 	243 	145 	116 	147 	13 	18 	13 	0 	0 	0 
RCY_M,THS_T,PT	638 	576 	700 	678 	765 	594 	549 	595 	619 	648 	567 	528 	475 	406 	320 	227 	213 	190 	157 	109 	82 	67 	54 	40 
RCY_M,THS_T,RO	406 	393 	331 	284 	256 	215 	165 	173 	162 	78 	72 	34 	41 	145 	83 	17 	170 	123 	0 	0 	0 	0 	0 	0 
RCY_M,THS_T,RS	6 	6 	5 	14 	15 	25 	0 	0 	0 	0 	0 	0 	0 	: 	: 	: 	: 	: 	: 	: 	: 	: 	: 	: 
RCY_M,THS_T,SE	1320 	1426 	1435 	1418 	1420 	1445 	1405 	1408 	1414 	1604 	1520 	1591 	1658 	1474 	1385 	1314 	1295 	1135 	1091 	1094 	1046 	923 	810 	685 
RCY_M,THS_T,SI	429 e	412 e	380 e	430 e	259 	239 	270 	258 	203 	189 	190 	217 	145 	169 	183 	92 	62 	14 	47 s	50 s	90 	54 s	54 s	21 
RCY_M,THS_T,SK	603 	433 	291 	136 	88 	108 	141 	113 	98 	72 	60 	39 	14 	14 	46 	47 	34 	36 	34 	28 	28 	35 e	22 s	24 s
RCY_M,THS_T,TR	3848 	2982 e	2946 	: 	: 	: 	: 	: 	: 	: 	: 	: 	: 	: 	: 	: 	: 	: 	: 	: 	: 	: 	: 	: 
RCY_M,THS_T,UK	8386 	8324 	8640 	8558 	8466 	8460 	8173 	8134 	8069 	7890 	7775 	7680 	7107 	6362 	5657 	4698 	3733 	3181 	2836 	3421 	2763 	2265 	1922 	2020 
TRT,KG_HAB,AL	462 	436 s	452 s	446 s	377 s	274 s	: 	: 	: 	: 	: 	: 	: 	: 	: 	: 	: 	: 	: 	: 	: 	: 	: 	: 
TRT,KG_HAB,AT	570 	562 	552 	547 	547 	559 	560 	552 	548 	574 	587 	586 	585 	559 	566 	650 	637 	631 	633 	611 	586 	586 	563 	482 
TRT,KG_HAB,BA	: 	271 	264 	257 	234 	233 	227 	269 	271 	261 	317 	: 	: 	: 	: 	: 	: 	: 	: 	: 	: 	: 	: 	: 
TRT,KG_HAB,BE	411 	407 	419 	406 	418 	425 	425 	433 	436 	443 	456 	513 	488 	504 	489 	472 	474 	460 	484 	451 	452 	455 	435 	446 
TRT,KG_HAB,BG	416 e	434 	404 	412 	416 	428 	433 	483 	547 	579 	564 	509 	472 	518 	503 	510 	505 	495 	495 	483 	478 	435 	478 	531 
TRT,KG_HAB,CH	703 	706 	720 	725 	730 	702 	694 	689 	708 	702 	736 	720 	709 	661 	660 	667 	674 	660 	656 	635 	612 	607 	602 	600 
TRT,KG_HAB,CY	: 	587 e	592 e	590 	575 	581 	611 	627 	664 	729 	728 	704 	694 	688 	684 	670 	655 	650 	628 	620 	616 	612 	605 	595 
TRT,KG_HAB,CZ	351 	344 	339 	316 	310 	307 	308 	319 	304 	277 	265 	274 	260 	244 	235 	243 	247 	253 	317 	310 	291 	318 	310 	302 
TRT,KG_HAB,DE	615 e	627 	633 	619 	617 	601 	619 	626 	602 	592 	589 	582 	564 	565 	587 	601 	640 	632 s	642 s	638 s	647 s	658 s	641 s	623 s
TRT,KG_HAB,DK	766 	782 	782 	781 	773 	778 	778 	829 	: 	762 e	830 	790 	740 	736 	695 	671 	664 	657 	664 	626 	592 	587 	618 	521 e
TRT,KG_HAB,EE	382 	373 	344 	313 	303 	255 	187 	250 	256 	287 	329 	396 	347 	371 	392 	333 	315 	310 	441 	409 	402 	424 	399 	370 
TRT,KG_HAB,EL	: 	504 	498 	488 	488 	482 	492 	503 	532 	464 	458 	453 	447 	443 	436 	431 	426 	420 	412 	396 	381 	366 	346 	330 
TRT,KG_HAB,ES	475 e	462 	463 	456 	448 	454 	468 	485 	510 	542 	551 	578 	590 	517 	521 	587 	580 	536 	491 	447 	401 	396 	360 	365 
TRT,KG_HAB,EU27_2007	482 s	480 s	481 s	469 s	468 s	467 s	474 s	487 s	493 s	497 s	501 s	503 s	497 s	485 s	487 s	491 s	504 s	498 s	500 s	487 s	474 s	475 s	457 s	453 s
TRT,KG_HAB,EU27_2020	483 s	481 s	479 s	466 s	466 s	465 s	474 s	486 s	480 s	493 s	495 s	493 s	483 s	467 s	467 s	473 s	486 s	481 s	484 s	470 s	459 s	462 s	445 s	441 s
TRT,KG_HAB,EU28	481 s	480 s	480 s	467 s	466 s	466 s	473 s	486 s	483 s	496 s	500 s	502 s	495 s	481 s	483 s	487 s	499 s	494 s	496 s	482 s	469 s	471 s	453 s	448 s
TRT,KG_HAB,FI	551 	510 	504 	318 	482 	493 	506 	504 	470 	480 	533 	506 	494 	485 	484 	483 	481 	482 	526 	481 	478 	453 	412 	406 
TRT,KG_HAB,FR	527 e	526 	521 e	516 	517 e	520 	527 e	534 	534 e	534 	538 e	542 	535 e	529 	519 	506 	530 	526 	514 	507 	507 	496 	486 	475 
TRT,KG_HAB,HR	396 	399 	394 	384 	374 	393 	381 	381 	373 	402 	413 	395 	283 	: 	: 	: 	: 	: 	: 	: 	: 	: 	: 	: 
TRT,KG_HAB,HU	383 	383 	380 	377 	376 	378 	402 	382 	403 	427 	441 	434 	464 	457 	450 	432 	418 	405 	407 	435 	426 	422 	398 	376 
TRT,KG_HAB,IE	: 	567 	572 	: 	531 	: 	530 	559 	575 	623 	691 	722 	725 	668 	664 	649 	627 	615 	621 	569 	521 	477 	453 	430 
TRT,KG_HAB,IS	: 	656 	656 	527 	535 	513 	514 	495 	484 	414 	655 	430 	428 	408 	493 	487 	470 	463 	480 	458 	445 	435 	443 	449 
TRT,KG_HAB,IT	455 	445 	452 	443 	453 	474 	483 	504 	515 	505 	479 	498 	479 	462 	462 	453 	453 	486 	497 	480 	451 	448 	431 	468 
TRT,KG_HAB,LT	417 	451 	422 	442 	425 	421 	429 	432 	369 	378 	423 	417 	378 	361 	348 	333 	325 	337 	346 	351 	445 	422 	401 	426 
TRT,KG_HAB,LU	610 e	615 	609 	607 	626 	616 	652 	666 	679 	679 	697 	695 	683 	672 	679 	678 	653 	646 	654 	646 	625 	604 	585 	587 
TRT,KG_HAB,LV	351 	380 	376 	373 	362 	355 	302 	292 	324 	352 	347 	355 	320 	266 	286 	265 	291 	274 	252 	237 	223 	208 	194 	184 
TRT,KG_HAB,ME	505 	501 	399 	450 	422 	406 	376 	383 	: 	: 	: 	: 	: 	: 	: 	: 	: 	: 	: 	: 	: 	: 	: 	: 
TRT,KG_HAB,MK	: 	344 	385 	380 	370 	384 	381 	357 	351 	354 	259 	: 	: 	: 	: 	: 	: 	: 	: 	: 	: 	: 	: 	: 
TRT,KG_HAB,MT	587 	565 	521 	715 	549 	540 	553 	555 	577 	649 	674 	654 	624 	623 	623 	579 	541 	540 	533 	466 	459 e	436 e	412 e	387 e
TRT,KG_HAB,NL	511 	513 	520 	523 	527 	526 	549 	568 	571 	589 	600 	504 	492 	492 	492 	479 	515 	507 	510 	496 	504 	538 	514 	509 
TRT,KG_HAB,NO	739 	748 	754 	415 	414 	489 	467 	476 	462 	464 	482 	485 	459 	426 	414 	402 	392 	361 	613 	594 	645 	618 	630 	624 
TRT,KG_HAB,PL	329 e	315 	307 	286 	272 	249 	252 	258 	264 	264 	263 	264 	259 	245 	254 	260 	275 	290 	320 	319 	306 	315 	301 	285 
TRT,KG_HAB,PT	485 	464 	450 	443 	453 	440 	453 	490 	516 	520 	518 	471 	465 	452 	445 	449 	441 	454 	457 	433 	413 	397 	372 	352 
TRT,KG_HAB,RO	264 	272 	258 	216 	218 	214 	212 	234 	279 	307 	319 	295 	299 	308 	280 	280 	316 	275 	295 	255 	224 	257 	230 	254 
TRT,KG_HAB,RS	280 	257 	212 	194 	236 	271 	254 	289 	259 	216 	207 	168 	140 	: 	: 	: 	: 	: 	: 	: 	: 	: 	: 	: 
TRT,KG_HAB,SE	434 	452 	447 	451 	443 	455 	454 	453 	441 	472 	485 	488 	491 	479 	461 	464 	465 	439 	425 	426 	434 	416 	391 	386 
TRT,KG_HAB,SI	383 	374 	382 	421 	257 	255 	311 	388 	393 	417 	448 	456 	442 	422 	420 	403 	397 	370 	433 	489 	569 	526 	496 	469 
TRT,KG_HAB,SK	414 	378 	345 	310 	282 	278 	296 	298 	309 	294 	290 	278 	268 	257 	261 	266 	256 	234 	249 	256 	253 	270 	282 	294 
TRT,KG_HAB,TR	396 	398 e	398 	352 	363 	334 	342 	359 	343 	361 	339 	368 	365 	389 	370 	391 	384 	386 	375 	363 	382 	377 	357 	338 
TRT,KG_HAB,UK	465 	469 	484 	472 	472 	474 	470 	485 	504 	517 	537 	565 	581 	581 	602 	591 	599 	591 	577 	571 	544 	535 	514 	498 
TRT,THS_T,AL	1325 	1254 s	1300 s	1285 s	1089 s	793 s	: 	: 	: 	: 	: 	: 	: 	: 	: 	: 	: 	: 	: 	: 	: 	: 	: 	: 
TRT,THS_T,AT	5041 	4944 	4825 	4728 	4673 	4744 	4718 	4632 	4582 	4788 	4889 	4859 	4834 	4601 	4625 	5279 	5146 	5074 	5069 	4885 	4676 	4672 	4484 	3835 
TRT,THS_T,BA	957 	951 	926 	942 	894 	894 	873 	1034 	1042 	1002 	1220 	: 	: 	: 	: 	: 	: 	: 	: 	: 	: 	: 	: 	: 
TRT,THS_T,BE	4698 	4632 	4752 	4574 	4684 	4743 	4716 	4778 	4746 	4779 	4882 	5454 	5149 	5279 	5096 	4895 	4900 	4730 	4959 	4609 	4607 	4629 	4422 	4524 
TRT,THS_T,BG	2922 e	3071 	2877 	2960 	3004 	3110 	3164 	3547 	4044 	4309 	4229 	3837 	3590 	3967 	3885 	3968 	3958 	3968 	4046 	3966 	3944 	3614 	3996 	4467 
TRT,THS_T,CH	6012 	5992 	6056 	6030 	6006 	5708 	5576 	5478 	5565 	5461 	5653 	5465 	5330 	4940 	4899 	4916 	4936 	4794 	4731 	4555 	4369 	4324 	4275 	4240 
TRT,THS_T,CY	: 	505 e	504 e	500 	490 	501 	528 	533 	551 	589 	573 	540 	521 	508 	498 	481 	465 	456 	436 	426 	418 	411 	400 	387 
TRT,THS_T,CZ	3732 	3643 	3580 	3337 	3261 	3228 	3233 	3346 	3186 	2894 	2757 	2817 	2659 	2495 	2396 	2475 	2523 	2582 	3250 	3186 	2997 	3280 	3200 	3120 
TRT,THS_T,DE	51013 e	51790 	52133 	50542 	49985 	48472 	49759 	50238 	49236 	48466 	48367 	47887 	46426 	46555 	48434 	49622 	52771 	52075 s	52810 s	52373 s	53058 s	53965 s	52544 s	50893 s
TRT,THS_T,DK	4436 	4509 	4481 	4440 	4361 	4367 	4349 	4620 	: 	4206 e	4560 	4313 	4021 	3990 	3757 	3618 	3568 	3519 	3546 	3329 	3141 	3104 	3253 	2725 e
TRT,THS_T,EE	505 	492 	453 	411 	398 	336 	247 	332 	340 	383 	440 	531 	467 	502 	534 	456 	434 	430 	616 	569 	557 	593 	565 	532 
TRT,THS_T,EL	: 	5415 	5367 	5277 	5315 	5284 	5434 	5586 	5917 	5154 	5078 	5002 	4927 	4867 	4781 	4710 	4640 	4559 	4447 	4264 	4082 	3900 	3667 	3490 
TRT,THS_T,ES	22222 e	21542 	21542 	21158 	20836 	21184 	21896 	22672 	23774 	25108 	25317 	26154 	26209 	22554 	22361 	24774 	24015 	21916 	19905 	18062 	16150 	15856 	14370 	14505 
TRT,THS_T,EU27_2007	245049 s	243850 s	243543 s	236685 s	235842 s	234593 s	237250 s	243125 s	246178 s	247750 s	248951 s	248954 s	244804 s	238097 s	238471 s	239471 s	244584 s	241363 s	241730 s	234855 s	228236 s	227816 s	218933 s	216206 s
TRT,THS_T,EU27_2020	215751 s	214502 s	213400 s	207000 s	206384 s	205319 s	208937 s	214089 s	211912 s	217258 s	217516 s	216032 s	210655 s	203000 s	202381 s	204226 s	209050 s	206421 s	207776 s	201357 s	196411 s	196623 s	189024 s	187296 s
TRT,THS_T,EU28	246668 s	245499 s	245185 s	237760 s	236865 s	235716 s	238878 s	244758 s	243577 s	249482 s	250731 s	250658 s	246025 s	238097 s	238471 s	239471 s	244584 s	241363 s	241730 s	234855 s	228236 s	227816 s	218933 s	216206 s
TRT,THS_T,FI	3041 	2812 	2768 	1741 	2630 	2682 	2738 	2718 	2519 	2562 	2832 	2675 	2600 	2547 	2532 	2517 	2503 	2499 	2724 	2482 	2464 	2330 	2111 	2075 
TRT,THS_T,FR	35272 e	35188 	34766 e	34344 	34260 e	34176 	34484 e	34790 	34609 e	34426 	34501 e	34577 	33962 e	33347 	32444 	31400 	32684 	32198 	31232 	30612 	30449 	29677 	28950 	28253 
TRT,THS_T,HR	1619 	1649 	1642 	1617 	1582 	1671 	1627 	1633 	1604 	1732 	1780 	1704 	1221 	: 	: 	: 	: 	: 	: 	: 	: 	: 	: 	: 
TRT,THS_T,HU	3746 	3752 	3734 	3710 	3713 	3738 	3988 	3809 	4033 	4284 	4426 	4365 	4671 	4606 	4552 	4376 	4243 	4123 	4157 	4455 	4372 	4339 	4101 	3887 
TRT,THS_T,IE	: 	2724 	2718 	: 	2473 	: 	2439 	2558 	2622 	2825 	3104 	3175 	3100 	2779 	2704 	2594 	2464 	2377 	2364 	2135 	1934 	1754 	1648 	1550 
TRT,THS_T,IS	: 	225 	220 	174 	175 	166 	165 	158 	154 	132 	208 	134 	130 	121 	144 	141 	135 	132 	135 	127 	122 	118 	119 	120 
TRT,THS_T,IT	27488 	26948 	27374 	26926 	27537 	28538 	28765 	29928 	30505 	29840 	28178 	29076 	27829 	26810 	26626 	25956 	25840 	27668 	28279 	27302 	25675 	25499 	24483 	26607 
TRT,THS_T,LT	1167 	1275 	1211 	1283 	1247 	1246 	1283 	1309 	1143 	1196 	1353 	1347 	1237 	1198 	1177 	1136 	1119 	1169 	1209 	1236 	1578 	1510 	1445 	1546 
TRT,THS_T,LU	371 e	367 	355 	346 	348 	335 	346 	345 	344 	338 	341 	333 	323 	313 	311 	306 	291 	285 	285 	278 	266 	253 	242 	240 
TRT,THS_T,LV	676 	737 	737 	738 	722 	715 	615 	601 	680 	753 	756 	782 	709 	596 	647 	606 	673 	640 	597 	567 	537 	506 	476 	457 
TRT,THS_T,ME	314 	312 	248 	280 	262 	252 	233 	237 	: 	: 	: 	: 	: 	: 	: 	: 	: 	: 	: 	: 	: 	: 	: 	: 
TRT,THS_T,MK	: 	714 	797 	786 	765 	793 	786 	735 	721 	726 	531 	: 	: 	: 	: 	: 	: 	: 	: 	: 	: 	: 	: 	: 
TRT,THS_T,MT	285 	264 	237 	318 	238 	230 	232 	231 	239 	268 	276 	266 	253 	252 	250 	231 	214 	212 	208 	181 	177 e	167 e	156 e	146 e
TRT,THS_T,NL	8806 	8792 	8859 	8866 	8893 	8840 	9202 	9480 	9484 	9738 	9870 	8255 	8049 	8034 	8009 	7778 	8313 	8141 	8121 	7846 	7923 	8404 	7986 	7870 
TRT,THS_T,NO	3927 	3949 	3946 	2155 	2127 	2485 	2343 	2356 	2258 	2240 	2300 	2284 	2139 	1968 	1902 	1836 	1780 	1629 	2755 	2650 	2857 	2721 	2761 	2722 
TRT,THS_T,PL	12485 e	11969 	11654 	10864 	10331 	9474 	9582 	9828 	10040 	10054 	10037 	10082 	9877 	9352 	9715 	9925 	10509 	11108 	12226 	12317 	11827 	12183 	11621 	10985 
TRT,THS_T,PT	4986 	4778 	4648 	4586 	4710 	4598 	4766 	5178 	5457 	5496 	5472 	4967 	4898 	4745 	4665 	4693 	4595 	4709 	4705 	4427 	4198 	4013 	3740 	3529 
TRT,THS_T,RO	5134 	5324 	5079 	4288 	4338 	4270 	4261 	4713 	5645 	6246 	6561 	6159 	6335 	6558 	6001 	6040 	6865 	6079 	6611 	5727 	5050 	5790 	5202 	5758 
TRT,THS_T,RS	1956 	1806 	1495 	1374 	1685 	1945 	1830 	2090 	1889 	1581 	1520 	1241 	1040 	: 	: 	: 	: 	: 	: 	: 	: 	: 	: 	: 
TRT,THS_T,SE	4416 	4551 	4439 	4422 	4295 	4371 	4324 	4278 	4140 	4390 	4476 	4460 	4461 	4321 	4143 	4159 	4149 	3907 	3773 	3774 	3839 	3678 	3458 	3405 
TRT,THS_T,SI	795 	773 	790 	869 	530 	526 	639 	796 	805 	851 	905 	920 	886 	844 	838 	804 	791 	738 	861 	969 	1127 	1045 	987 	933 
TRT,THS_T,SK	2253 	2057 	1875 	1683 	1528 	1502 	1601 	1609 	1666 	1583 	1557 	1494 	1441 	1381 	1400 	1427 	1376 	1258 	1340 	1380 	1366 	1451 	1517 	1578 
TRT,THS_T,TR	32209 	31968 e	31584 	27569 	27990 	25427 	25707 	26610 	25098 	26015 	24074 	25818 	25281 	26617 	25015 	26118 	25374 	25134 	24696 	24088 	24930 	24171 	22480 	20909 
TRT,THS_T,UK	30917 	30997 	31785 	30760 	30481 	30397 	29940 	30669 	31665 	32224 	33215 	34626 	35370 	35097 	36090 	35245 	35534 	34942 	33954 	33498 	31825 	31193 	29909 	28910 
TRT,THS_T,XK	: 	: 	: 	316 	: 	: 	: 	: 	: 	: 	: 	: 	: 	: 	: 	: 	: 	: 	: 	: 	: 	: 	: 	: 
